#
# There is insufficient memory for the Java Runtime Environment to continue.
# Native memory allocation (malloc) failed to allocate 1829136 bytes for Chunk::new
# Possible reasons:
#   The system is out of physical RAM or swap space
#   The process is running with CompressedOops enabled, and the Java Heap may be blocking the growth of the native heap
# Possible solutions:
#   Reduce memory load on the system
#   Increase physical memory or swap space
#   Check if swap backing store is full
#   Decrease Java heap size (-Xmx/-Xms)
#   Decrease number of Java threads
#   Decrease Java thread stack sizes (-Xss)
#   Set larger code cache with -XX:ReservedCodeCacheSize=
#   JVM is running with Unscaled Compressed Oops mode in which the Java heap is
#     placed in the first 4GB address space. The Java Heap base address is the
#     maximum limit for the native heap growth. Please use -XX:HeapBaseMinAddress
#     to set the Java Heap base and to place the Java Heap above 4GB virtual address.
# This output file may be truncated or incomplete.
#
#  Out of Memory Error (arena.cpp:189), pid=26596, tid=22060
#
# JRE version: Java(TM) SE Runtime Environment (17.0.12+8) (build 17.0.12+8-LTS-286)
# Java VM: Java HotSpot(TM) 64-Bit Server VM (17.0.12+8-LTS-286, mixed mode, sharing, tiered, compressed oops, compressed class ptrs, g1 gc, windows-amd64)
# No core dump will be written. Minidumps are not enabled by default on client versions of Windows
#

---------------  S U M M A R Y ------------

Command Line: --add-opens=java.base/java.lang=ALL-UNNAMED --add-opens=java.base/java.lang.invoke=ALL-UNNAMED --add-opens=java.base/java.util=ALL-UNNAMED --add-opens=java.prefs/java.util.prefs=ALL-UNNAMED --add-exports=jdk.compiler/com.sun.tools.javac.api=ALL-UNNAMED --add-exports=jdk.compiler/com.sun.tools.javac.util=ALL-UNNAMED --add-opens=java.base/java.util=ALL-UNNAMED --add-opens=java.prefs/java.util.prefs=ALL-UNNAMED --add-opens=java.base/java.nio.charset=ALL-UNNAMED --add-opens=java.base/java.net=ALL-UNNAMED --add-opens=java.base/java.util.concurrent.atomic=ALL-UNNAMED --add-opens=java.xml/javax.xml.namespace=ALL-UNNAMED -XX:MaxMetaspaceSize=384m -XX:+HeapDumpOnOutOfMemoryError -Xms256m -Xmx512m -Dfile.encoding=UTF-8 -Duser.country=KR -Duser.language=ko -Duser.variant -javaagent:C:\Users\jongw\.gradle\wrapper\dists\gradle-8.13-bin\5xuhj0ry160q40clulazy9h7d\gradle-8.13\lib\agents\gradle-instrumentation-agent-8.13.jar org.gradle.launcher.daemon.bootstrap.GradleDaemon 8.13

Host: 11th Gen Intel(R) Core(TM) i7-1165G7 @ 2.80GHz, 8 cores, 7G,  Windows 11 , 64 bit Build 26100 (10.0.26100.3912)
Time: Wed May 28 04:09:33 2025  Windows 11 , 64 bit Build 26100 (10.0.26100.3912) elapsed time: 19.731828 seconds (0d 0h 0m 19s)

---------------  T H R E A D  ---------------

Current thread (0x0000022476cd5a90):  JavaThread "C2 CompilerThread1" daemon [_thread_in_native, id=22060, stack(0x000000fb9de00000,0x000000fb9df00000)]


Current CompileTask:
C2:  19732 9928       4       io.spring.gradle.dependencymanagement.org.apache.maven.model.interpolation.StringSearchModelInterpolator$InterpolateObjectAction::traverseObjectWithParents (49 bytes)

Stack: [0x000000fb9de00000,0x000000fb9df00000]
Native frames: (J=compiled Java code, j=interpreted, Vv=VM code, C=native code)
V  [jvm.dll+0x67a04a]
V  [jvm.dll+0x7da4ed]
V  [jvm.dll+0x7dbe33]
V  [jvm.dll+0x7dc4a3]
V  [jvm.dll+0x24508f]
V  [jvm.dll+0xab773]
V  [jvm.dll+0xabd3c]
V  [jvm.dll+0x361b9f]
V  [jvm.dll+0x32c431]
V  [jvm.dll+0x32b8ca]
V  [jvm.dll+0x21683f]
V  [jvm.dll+0x215c6f]
V  [jvm.dll+0x1a2960]
V  [jvm.dll+0x22610b]
V  [jvm.dll+0x2242ab]
V  [jvm.dll+0x79075c]
V  [jvm.dll+0x78abea]
V  [jvm.dll+0x678f35]
C  [ucrtbase.dll+0x37b0]
C  [KERNEL32.DLL+0x2e8d7]
C  [ntdll.dll+0x9c5dc]


---------------  P R O C E S S  ---------------

Threads class SMR info:
_java_thread_list=0x0000022477457e90, length=144, elements={
0x0000022452da6460, 0x000002246de9d560, 0x000002246de9de30, 0x000002246deb28e0,
0x0000022472005490, 0x0000022472005d60, 0x0000022472006a30, 0x000002247200a470,
0x0000022472012fa0, 0x00000224720138b0, 0x000002247211bcb0, 0x00000224721bba70,
0x0000022473897b00, 0x00000224739b97e0, 0x00000224738e5d40, 0x0000022473b67020,
0x0000022473b67900, 0x0000022473b9c640, 0x0000022473b9f8e0, 0x0000022473b9df90,
0x0000022473b9da80, 0x0000022473b9e4a0, 0x0000022473b9e9b0, 0x0000022473b9c130,
0x0000022473b9cb50, 0x0000022473b9d570, 0x0000022473b9f3d0, 0x0000022473b9d060,
0x000002247674e170, 0x000002247674b8f0, 0x000002247674b3e0, 0x000002247674be00,
0x000002247674c310, 0x000002247674dc60, 0x000002247674e680, 0x000002247674c820,
0x000002247674aed0, 0x000002247674cd30, 0x000002247674d240, 0x0000022474efaf00,
0x0000022474efcd60, 0x0000022474efb410, 0x0000022474efa4e0, 0x0000022474efd780,
0x0000022474efd270, 0x0000022474efc340, 0x0000022474efb920, 0x0000022474ef9fd0,
0x0000022474efbe30, 0x0000022474f00000, 0x0000022474efe1a0, 0x0000022474f00f30,
0x0000022474f01440, 0x0000022474f00510, 0x0000022474efebc0, 0x0000022474efdc90,
0x0000022474efe6b0, 0x0000022474effaf0, 0x0000022474f00a20, 0x0000022474f01950,
0x00000224759df730, 0x00000224759dfc40, 0x00000224759de800, 0x00000224759dd8d0,
0x00000224759e0150, 0x00000224759e0660, 0x00000224759ded10, 0x00000224759df220,
0x00000224759ddde0, 0x00000224759e0b70, 0x00000224759e1080, 0x00000224759e1590,
0x00000224759e1aa0, 0x00000224759de2f0, 0x00000224759e2ee0, 0x00000224759e1fb0,
0x00000224759e24c0, 0x00000224759e3900, 0x00000224759e3e10, 0x00000224759e29d0,
0x00000224759e4d40, 0x00000224759e4320, 0x00000224759e5250, 0x00000224720f4c70,
0x00000224720f3d40, 0x00000224720f3830, 0x00000224720f23f0, 0x00000224720f2900,
0x00000224720f4250, 0x00000224720f4760, 0x00000224720f14c0, 0x00000224720f5180,
0x00000224720f19d0, 0x00000224720f5690, 0x00000224720f1ee0, 0x00000224720f8420,
0x00000224720f74f0, 0x00000224720f5ba0, 0x00000224720f60b0, 0x00000224720f65c0,
0x00000224720f7a00, 0x00000224720f6fe0, 0x00000224720f7f10, 0x0000022476cd5a90,
0x0000022472283270, 0x00000224720f6ad0, 0x0000022474eff0d0, 0x000002247912af60,
0x000002247912b980, 0x000002247912aa50, 0x000002247912c3a0, 0x000002247912dcf0,
0x000002247912c8b0, 0x000002247912b470, 0x000002247912cdc0, 0x000002247912d2d0,
0x000002247912d7e0, 0x000002247912a540, 0x0000022479130a80, 0x0000022479130f90,
0x000002247912f130, 0x000002247912ec20, 0x0000022479130570, 0x000002247912fb50,
0x000002247912f640, 0x00000224791314a0, 0x00000224791319b0, 0x0000022479130060,
0x000002247912e200, 0x0000022479131ec0, 0x000002247912e710, 0x0000022478ec6740,
0x0000022478ec7160, 0x0000022478ec7b80, 0x0000022478ec8090, 0x0000022478ec48e0,
0x0000022478ec5810, 0x0000022478ec6c50, 0x0000022478ec5d20, 0x0000022478ec4df0,
0x0000022478ec5300, 0x0000022478ec6230, 0x0000022478ec7670, 0x0000022474e54a80
}

Java Threads: ( => current thread )
  0x0000022452da6460 JavaThread "main" [_thread_blocked, id=11388, stack(0x000000fb9bb00000,0x000000fb9bc00000)]
  0x000002246de9d560 JavaThread "Reference Handler" daemon [_thread_blocked, id=27776, stack(0x000000fb9c200000,0x000000fb9c300000)]
  0x000002246de9de30 JavaThread "Finalizer" daemon [_thread_blocked, id=25456, stack(0x000000fb9c300000,0x000000fb9c400000)]
  0x000002246deb28e0 JavaThread "Signal Dispatcher" daemon [_thread_blocked, id=2860, stack(0x000000fb9c400000,0x000000fb9c500000)]
  0x0000022472005490 JavaThread "Attach Listener" daemon [_thread_blocked, id=7628, stack(0x000000fb9c500000,0x000000fb9c600000)]
  0x0000022472005d60 JavaThread "Service Thread" daemon [_thread_blocked, id=29504, stack(0x000000fb9c600000,0x000000fb9c700000)]
  0x0000022472006a30 JavaThread "Monitor Deflation Thread" daemon [_thread_blocked, id=15720, stack(0x000000fb9c700000,0x000000fb9c800000)]
  0x000002247200a470 JavaThread "C2 CompilerThread0" daemon [_thread_in_native, id=23868, stack(0x000000fb9c800000,0x000000fb9c900000)]
  0x0000022472012fa0 JavaThread "C1 CompilerThread0" daemon [_thread_blocked, id=21896, stack(0x000000fb9c900000,0x000000fb9ca00000)]
  0x00000224720138b0 JavaThread "Sweeper thread" daemon [_thread_blocked, id=29192, stack(0x000000fb9ca00000,0x000000fb9cb00000)]
  0x000002247211bcb0 JavaThread "Common-Cleaner" daemon [_thread_blocked, id=23612, stack(0x000000fb9cb00000,0x000000fb9cc00000)]
  0x00000224721bba70 JavaThread "Notification Thread" daemon [_thread_blocked, id=25584, stack(0x000000fb9cc00000,0x000000fb9cd00000)]
  0x0000022473897b00 JavaThread "Daemon health stats" [_thread_blocked, id=18928, stack(0x000000fb9d500000,0x000000fb9d600000)]
  0x00000224739b97e0 JavaThread "Incoming local TCP Connector on port 57247" [_thread_in_native, id=18740, stack(0x000000fb9d400000,0x000000fb9d500000)]
  0x00000224738e5d40 JavaThread "Daemon periodic checks" [_thread_blocked, id=29260, stack(0x000000fb9d600000,0x000000fb9d700000)]
  0x0000022473b67020 JavaThread "Daemon" [_thread_blocked, id=19680, stack(0x000000fb9d700000,0x000000fb9d800000)]
  0x0000022473b67900 JavaThread "Handler for socket connection from /127.0.0.1:57247 to /127.0.0.1:57248" [_thread_in_native, id=7172, stack(0x000000fb9d800000,0x000000fb9d900000)]
  0x0000022473b9c640 JavaThread "Cancel handler" [_thread_blocked, id=30232, stack(0x000000fb9d900000,0x000000fb9da00000)]
  0x0000022473b9f8e0 JavaThread "Daemon worker" [_thread_in_Java, id=22260, stack(0x000000fb9da00000,0x000000fb9db00000)]
  0x0000022473b9df90 JavaThread "Asynchronous log dispatcher for DefaultDaemonConnection: socket connection from /127.0.0.1:57247 to /127.0.0.1:57248" [_thread_blocked, id=24560, stack(0x000000fb9db00000,0x000000fb9dc00000)]
  0x0000022473b9da80 JavaThread "Stdin handler" [_thread_blocked, id=13500, stack(0x000000fb9dc00000,0x000000fb9dd00000)]
  0x0000022473b9e4a0 JavaThread "Daemon client event forwarder" [_thread_blocked, id=25316, stack(0x000000fb9dd00000,0x000000fb9de00000)]
  0x0000022473b9e9b0 JavaThread "Cache worker for journal cache (C:\Users\jongw\.gradle\caches\journal-1)" [_thread_blocked, id=28952, stack(0x000000fb9df00000,0x000000fb9e000000)]
  0x0000022473b9c130 JavaThread "File lock request listener" [_thread_in_native, id=22088, stack(0x000000fb9e000000,0x000000fb9e100000)]
  0x0000022473b9cb50 JavaThread "Cache worker for file hash cache (C:\Users\jongw\.gradle\caches\8.13\fileHashes)" [_thread_blocked, id=30580, stack(0x000000fb9e100000,0x000000fb9e200000)]
  0x0000022473b9d570 JavaThread "Cache worker for file hash cache (C:\2025.01.20 BE_KJW\6) Spring_Project\sns_workspace\.gradle\8.13\fileHashes)" [_thread_blocked, id=24728, stack(0x000000fb9e300000,0x000000fb9e400000)]
  0x0000022473b9f3d0 JavaThread "Cache worker for Build Output Cleanup Cache (C:\2025.01.20 BE_KJW\6) Spring_Project\sns_workspace\.gradle\buildOutputCleanup)" [_thread_blocked, id=25504, stack(0x000000fb9e400000,0x000000fb9e500000)]
  0x0000022473b9d060 JavaThread "File watcher server" daemon [_thread_in_native, id=25632, stack(0x000000fb9e800000,0x000000fb9e900000)]
  0x000002247674e170 JavaThread "File watcher consumer" daemon [_thread_blocked, id=23292, stack(0x000000fb9e900000,0x000000fb9ea00000)]
  0x000002247674b8f0 JavaThread "jar transforms" [_thread_blocked, id=22744, stack(0x000000fb9ea00000,0x000000fb9eb00000)]
  0x000002247674b3e0 JavaThread "jar transforms Thread 2" [_thread_blocked, id=19852, stack(0x000000fb9eb00000,0x000000fb9ec00000)]
  0x000002247674be00 JavaThread "jar transforms Thread 3" [_thread_blocked, id=24920, stack(0x000000fb9ec00000,0x000000fb9ed00000)]
  0x000002247674c310 JavaThread "jar transforms Thread 4" [_thread_blocked, id=19632, stack(0x000000fb9ed00000,0x000000fb9ee00000)]
  0x000002247674dc60 JavaThread "jar transforms Thread 5" [_thread_blocked, id=22952, stack(0x000000fb9ee00000,0x000000fb9ef00000)]
  0x000002247674e680 JavaThread "jar transforms Thread 6" [_thread_blocked, id=30060, stack(0x000000fb9ef00000,0x000000fb9f000000)]
  0x000002247674c820 JavaThread "jar transforms Thread 7" [_thread_blocked, id=29924, stack(0x000000fb9f000000,0x000000fb9f100000)]
  0x000002247674aed0 JavaThread "jar transforms Thread 8" [_thread_blocked, id=20880, stack(0x000000fb9f100000,0x000000fb9f200000)]
  0x000002247674cd30 JavaThread "Cache worker for checksums cache (C:\2025.01.20 BE_KJW\6) Spring_Project\sns_workspace\.gradle\8.13\checksums)" [_thread_blocked, id=10756, stack(0x000000fb9f200000,0x000000fb9f300000)]
  0x000002247674d240 JavaThread "Cache worker for file content cache (C:\Users\jongw\.gradle\caches\8.13\fileContent)" [_thread_blocked, id=21596, stack(0x000000fb9f300000,0x000000fb9f400000)]
  0x0000022474efaf00 JavaThread "Cache worker for cache directory md-supplier (C:\Users\jongw\.gradle\caches\8.13\md-supplier)" [_thread_blocked, id=26564, stack(0x000000fb9f400000,0x000000fb9f500000)]
  0x0000022474efcd60 JavaThread "Cache worker for cache directory md-rule (C:\Users\jongw\.gradle\caches\8.13\md-rule)" [_thread_blocked, id=23264, stack(0x000000fb9f500000,0x000000fb9f600000)]
  0x0000022474efb410 JavaThread "Unconstrained build operations" [_thread_blocked, id=26216, stack(0x000000fb9f600000,0x000000fb9f700000)]
  0x0000022474efa4e0 JavaThread "Unconstrained build operations Thread 2" [_thread_blocked, id=24928, stack(0x000000fb9f700000,0x000000fb9f800000)]
  0x0000022474efd780 JavaThread "Unconstrained build operations Thread 3" [_thread_blocked, id=22792, stack(0x000000fb9f800000,0x000000fb9f900000)]
  0x0000022474efd270 JavaThread "Unconstrained build operations Thread 4" [_thread_blocked, id=12916, stack(0x000000fb9f900000,0x000000fb9fa00000)]
  0x0000022474efc340 JavaThread "Unconstrained build operations Thread 5" [_thread_blocked, id=29276, stack(0x000000fb9fa00000,0x000000fb9fb00000)]
  0x0000022474efb920 JavaThread "Unconstrained build operations Thread 6" [_thread_blocked, id=14780, stack(0x000000fb9fb00000,0x000000fb9fc00000)]
  0x0000022474ef9fd0 JavaThread "Unconstrained build operations Thread 7" [_thread_blocked, id=28236, stack(0x000000fb9fc00000,0x000000fb9fd00000)]
  0x0000022474efbe30 JavaThread "Unconstrained build operations Thread 8" [_thread_blocked, id=15380, stack(0x000000fb9fd00000,0x000000fb9fe00000)]
  0x0000022474f00000 JavaThread "Unconstrained build operations Thread 9" [_thread_blocked, id=29472, stack(0x000000fb9ff00000,0x000000fba0000000)]
  0x0000022474efe1a0 JavaThread "Unconstrained build operations Thread 10" [_thread_blocked, id=30196, stack(0x000000fba0000000,0x000000fba0100000)]
  0x0000022474f00f30 JavaThread "Unconstrained build operations Thread 11" [_thread_blocked, id=25448, stack(0x000000fba0100000,0x000000fba0200000)]
  0x0000022474f01440 JavaThread "Unconstrained build operations Thread 12" [_thread_blocked, id=29928, stack(0x000000fba0200000,0x000000fba0300000)]
  0x0000022474f00510 JavaThread "Unconstrained build operations Thread 13" [_thread_blocked, id=30272, stack(0x000000fba0300000,0x000000fba0400000)]
  0x0000022474efebc0 JavaThread "Unconstrained build operations Thread 14" [_thread_blocked, id=18588, stack(0x000000fba0400000,0x000000fba0500000)]
  0x0000022474efdc90 JavaThread "Unconstrained build operations Thread 15" [_thread_blocked, id=11600, stack(0x000000fba0500000,0x000000fba0600000)]
  0x0000022474efe6b0 JavaThread "Unconstrained build operations Thread 16" [_thread_blocked, id=28512, stack(0x000000fba0600000,0x000000fba0700000)]
  0x0000022474effaf0 JavaThread "Unconstrained build operations Thread 17" [_thread_blocked, id=12160, stack(0x000000fba0700000,0x000000fba0800000)]
  0x0000022474f00a20 JavaThread "Unconstrained build operations Thread 18" [_thread_blocked, id=23892, stack(0x000000fba0800000,0x000000fba0900000)]
  0x0000022474f01950 JavaThread "Unconstrained build operations Thread 19" [_thread_blocked, id=30116, stack(0x000000fba0900000,0x000000fba0a00000)]
  0x00000224759df730 JavaThread "Unconstrained build operations Thread 20" [_thread_blocked, id=28264, stack(0x000000fba0a00000,0x000000fba0b00000)]
  0x00000224759dfc40 JavaThread "Unconstrained build operations Thread 21" [_thread_blocked, id=27656, stack(0x000000fba0b00000,0x000000fba0c00000)]
  0x00000224759de800 JavaThread "Unconstrained build operations Thread 22" [_thread_blocked, id=19240, stack(0x000000fba0c00000,0x000000fba0d00000)]
  0x00000224759dd8d0 JavaThread "Unconstrained build operations Thread 23" [_thread_blocked, id=4608, stack(0x000000fba0d00000,0x000000fba0e00000)]
  0x00000224759e0150 JavaThread "Unconstrained build operations Thread 24" [_thread_blocked, id=24012, stack(0x000000fba0e00000,0x000000fba0f00000)]
  0x00000224759e0660 JavaThread "Unconstrained build operations Thread 25" [_thread_blocked, id=21036, stack(0x000000fba0f00000,0x000000fba1000000)]
  0x00000224759ded10 JavaThread "Unconstrained build operations Thread 26" [_thread_blocked, id=9376, stack(0x000000fba1000000,0x000000fba1100000)]
  0x00000224759df220 JavaThread "Unconstrained build operations Thread 27" [_thread_blocked, id=16316, stack(0x000000fba1100000,0x000000fba1200000)]
  0x00000224759ddde0 JavaThread "Unconstrained build operations Thread 28" [_thread_blocked, id=28904, stack(0x000000fba1200000,0x000000fba1300000)]
  0x00000224759e0b70 JavaThread "Unconstrained build operations Thread 29" [_thread_blocked, id=18732, stack(0x000000fba1300000,0x000000fba1400000)]
  0x00000224759e1080 JavaThread "Unconstrained build operations Thread 30" [_thread_blocked, id=2724, stack(0x000000fba1400000,0x000000fba1500000)]
  0x00000224759e1590 JavaThread "Unconstrained build operations Thread 31" [_thread_blocked, id=24048, stack(0x000000fba1500000,0x000000fba1600000)]
  0x00000224759e1aa0 JavaThread "Unconstrained build operations Thread 32" [_thread_blocked, id=8672, stack(0x000000fba1600000,0x000000fba1700000)]
  0x00000224759de2f0 JavaThread "Unconstrained build operations Thread 33" [_thread_blocked, id=27804, stack(0x000000fba1700000,0x000000fba1800000)]
  0x00000224759e2ee0 JavaThread "Unconstrained build operations Thread 34" [_thread_blocked, id=26552, stack(0x000000fba1800000,0x000000fba1900000)]
  0x00000224759e1fb0 JavaThread "Unconstrained build operations Thread 35" [_thread_blocked, id=28532, stack(0x000000fba1900000,0x000000fba1a00000)]
  0x00000224759e24c0 JavaThread "Unconstrained build operations Thread 36" [_thread_blocked, id=28704, stack(0x000000fba1a00000,0x000000fba1b00000)]
  0x00000224759e3900 JavaThread "Unconstrained build operations Thread 37" [_thread_blocked, id=26428, stack(0x000000fba1b00000,0x000000fba1c00000)]
  0x00000224759e3e10 JavaThread "Unconstrained build operations Thread 38" [_thread_blocked, id=4476, stack(0x000000fba1c00000,0x000000fba1d00000)]
  0x00000224759e29d0 JavaThread "Unconstrained build operations Thread 39" [_thread_blocked, id=13288, stack(0x000000fba1d00000,0x000000fba1e00000)]
  0x00000224759e4d40 JavaThread "Unconstrained build operations Thread 40" [_thread_blocked, id=27012, stack(0x000000fba1e00000,0x000000fba1f00000)]
  0x00000224759e4320 JavaThread "Unconstrained build operations Thread 41" [_thread_blocked, id=27284, stack(0x000000fba1f00000,0x000000fba2000000)]
  0x00000224759e5250 JavaThread "Memory manager" [_thread_blocked, id=26852, stack(0x000000fba2000000,0x000000fba2100000)]
  0x00000224720f4c70 JavaThread "included builds" [_thread_blocked, id=28476, stack(0x000000fba2100000,0x000000fba2200000)]
  0x00000224720f3d40 JavaThread "Execution worker" [_thread_blocked, id=9880, stack(0x000000fba2200000,0x000000fba2300000)]
  0x00000224720f3830 JavaThread "Execution worker Thread 2" [_thread_blocked, id=25560, stack(0x000000fba2300000,0x000000fba2400000)]
  0x00000224720f23f0 JavaThread "Execution worker Thread 3" [_thread_blocked, id=1212, stack(0x000000fba2400000,0x000000fba2500000)]
  0x00000224720f2900 JavaThread "Execution worker Thread 4" [_thread_blocked, id=24360, stack(0x000000fba2500000,0x000000fba2600000)]
  0x00000224720f4250 JavaThread "Execution worker Thread 5" [_thread_blocked, id=15368, stack(0x000000fba2600000,0x000000fba2700000)]
  0x00000224720f4760 JavaThread "Execution worker Thread 6" [_thread_blocked, id=3528, stack(0x000000fba2700000,0x000000fba2800000)]
  0x00000224720f14c0 JavaThread "Execution worker Thread 7" [_thread_blocked, id=24868, stack(0x000000fba2800000,0x000000fba2900000)]
  0x00000224720f5180 JavaThread "Cache worker for execution history cache (C:\2025.01.20 BE_KJW\6) Spring_Project\sns_workspace\.gradle\8.13\executionHistory)" [_thread_blocked, id=23312, stack(0x000000fba2900000,0x000000fba2a00000)]
  0x00000224720f19d0 JavaThread "idea-tooling-model-converter" [_thread_blocked, id=10232, stack(0x000000fba2b00000,0x000000fba2c00000)]
  0x00000224720f5690 JavaThread "ForkJoinPool.commonPool-worker-1" daemon [_thread_blocked, id=20288, stack(0x000000fba2c00000,0x000000fba2d00000)]
  0x00000224720f1ee0 JavaThread "ForkJoinPool.commonPool-worker-2" daemon [_thread_blocked, id=18332, stack(0x000000fba2d00000,0x000000fba2e00000)]
  0x00000224720f8420 JavaThread "ForkJoinPool.commonPool-worker-3" daemon [_thread_blocked, id=23620, stack(0x000000fba2e00000,0x000000fba2f00000)]
  0x00000224720f74f0 JavaThread "ForkJoinPool.commonPool-worker-4" daemon [_thread_blocked, id=9496, stack(0x000000fba2f00000,0x000000fba3000000)]
  0x00000224720f5ba0 JavaThread "ForkJoinPool.commonPool-worker-5" daemon [_thread_blocked, id=29060, stack(0x000000fba3000000,0x000000fba3100000)]
  0x00000224720f60b0 JavaThread "ForkJoinPool.commonPool-worker-6" daemon [_thread_blocked, id=6064, stack(0x000000fba3100000,0x000000fba3200000)]
  0x00000224720f65c0 JavaThread "ForkJoinPool.commonPool-worker-7" daemon [_thread_blocked, id=25092, stack(0x000000fba3200000,0x000000fba3300000)]
  0x00000224720f7a00 JavaThread "Exec process" [_thread_blocked, id=19444, stack(0x000000fba3300000,0x000000fba3400000)]
  0x00000224720f6fe0 JavaThread "Exec process Thread 2" [_thread_blocked, id=30056, stack(0x000000fba3400000,0x000000fba3500000)]
  0x00000224720f7f10 JavaThread "Exec process Thread 3" [_thread_blocked, id=9064, stack(0x000000fba3500000,0x000000fba3600000)]
=>0x0000022476cd5a90 JavaThread "C2 CompilerThread1" daemon [_thread_in_native, id=22060, stack(0x000000fb9de00000,0x000000fb9df00000)]
  0x0000022472283270 JavaThread "C2 CompilerThread2" daemon [_thread_in_native, id=26608, stack(0x000000fb9e200000,0x000000fb9e300000)]
  0x00000224720f6ad0 JavaThread "Unconstrained build operations Thread 42" [_thread_blocked, id=1304, stack(0x000000fba3600000,0x000000fba3700000)]
  0x0000022474eff0d0 JavaThread "Unconstrained build operations Thread 43" [_thread_blocked, id=1708, stack(0x000000fba3700000,0x000000fba3800000)]
  0x000002247912af60 JavaThread "Unconstrained build operations Thread 44" [_thread_blocked, id=4148, stack(0x000000fba3800000,0x000000fba3900000)]
  0x000002247912b980 JavaThread "Unconstrained build operations Thread 45" [_thread_blocked, id=22040, stack(0x000000fba3900000,0x000000fba3a00000)]
  0x000002247912aa50 JavaThread "Unconstrained build operations Thread 46" [_thread_blocked, id=8820, stack(0x000000fba3a00000,0x000000fba3b00000)]
  0x000002247912c3a0 JavaThread "Unconstrained build operations Thread 47" [_thread_blocked, id=27944, stack(0x000000fba3b00000,0x000000fba3c00000)]
  0x000002247912dcf0 JavaThread "Unconstrained build operations Thread 48" [_thread_blocked, id=29200, stack(0x000000fba3c00000,0x000000fba3d00000)]
  0x000002247912c8b0 JavaThread "Unconstrained build operations Thread 49" [_thread_blocked, id=17452, stack(0x000000fba3d00000,0x000000fba3e00000)]
  0x000002247912b470 JavaThread "Unconstrained build operations Thread 50" [_thread_blocked, id=30368, stack(0x000000fba3e00000,0x000000fba3f00000)]
  0x000002247912cdc0 JavaThread "Unconstrained build operations Thread 51" [_thread_blocked, id=12340, stack(0x000000fba3f00000,0x000000fba4000000)]
  0x000002247912d2d0 JavaThread "Unconstrained build operations Thread 52" [_thread_blocked, id=23708, stack(0x000000fba4000000,0x000000fba4100000)]
  0x000002247912d7e0 JavaThread "Unconstrained build operations Thread 53" [_thread_blocked, id=25884, stack(0x000000fba4100000,0x000000fba4200000)]
  0x000002247912a540 JavaThread "Unconstrained build operations Thread 54" [_thread_blocked, id=19468, stack(0x000000fba4200000,0x000000fba4300000)]
  0x0000022479130a80 JavaThread "Unconstrained build operations Thread 55" [_thread_blocked, id=27708, stack(0x000000fba4300000,0x000000fba4400000)]
  0x0000022479130f90 JavaThread "Unconstrained build operations Thread 56" [_thread_blocked, id=9468, stack(0x000000fba4400000,0x000000fba4500000)]
  0x000002247912f130 JavaThread "Unconstrained build operations Thread 57" [_thread_blocked, id=12624, stack(0x000000fba4500000,0x000000fba4600000)]
  0x000002247912ec20 JavaThread "Unconstrained build operations Thread 58" [_thread_blocked, id=26080, stack(0x000000fba4600000,0x000000fba4700000)]
  0x0000022479130570 JavaThread "Unconstrained build operations Thread 59" [_thread_blocked, id=23344, stack(0x000000fba4700000,0x000000fba4800000)]
  0x000002247912fb50 JavaThread "Unconstrained build operations Thread 60" [_thread_blocked, id=8716, stack(0x000000fba4800000,0x000000fba4900000)]
  0x000002247912f640 JavaThread "Unconstrained build operations Thread 61" [_thread_blocked, id=29796, stack(0x000000fba4900000,0x000000fba4a00000)]
  0x00000224791314a0 JavaThread "Unconstrained build operations Thread 62" [_thread_blocked, id=30508, stack(0x000000fba4a00000,0x000000fba4b00000)]
  0x00000224791319b0 JavaThread "Unconstrained build operations Thread 63" [_thread_blocked, id=28588, stack(0x000000fba4b00000,0x000000fba4c00000)]
  0x0000022479130060 JavaThread "Unconstrained build operations Thread 64" [_thread_blocked, id=26644, stack(0x000000fba4c00000,0x000000fba4d00000)]
  0x000002247912e200 JavaThread "Unconstrained build operations Thread 65" [_thread_blocked, id=6580, stack(0x000000fba4d00000,0x000000fba4e00000)]
  0x0000022479131ec0 JavaThread "Unconstrained build operations Thread 66" [_thread_blocked, id=29176, stack(0x000000fba4e00000,0x000000fba4f00000)]
  0x000002247912e710 JavaThread "Unconstrained build operations Thread 67" [_thread_blocked, id=28804, stack(0x000000fba4f00000,0x000000fba5000000)]
  0x0000022478ec6740 JavaThread "Unconstrained build operations Thread 68" [_thread_blocked, id=7184, stack(0x000000fba5000000,0x000000fba5100000)]
  0x0000022478ec7160 JavaThread "Unconstrained build operations Thread 69" [_thread_blocked, id=30104, stack(0x000000fba5100000,0x000000fba5200000)]
  0x0000022478ec7b80 JavaThread "Unconstrained build operations Thread 70" [_thread_blocked, id=27800, stack(0x000000fba5200000,0x000000fba5300000)]
  0x0000022478ec8090 JavaThread "Unconstrained build operations Thread 71" [_thread_blocked, id=10844, stack(0x000000fba5300000,0x000000fba5400000)]
  0x0000022478ec48e0 JavaThread "Unconstrained build operations Thread 72" [_thread_blocked, id=25636, stack(0x000000fba5400000,0x000000fba5500000)]
  0x0000022478ec5810 JavaThread "Unconstrained build operations Thread 73" [_thread_blocked, id=19488, stack(0x000000fba5500000,0x000000fba5600000)]
  0x0000022478ec6c50 JavaThread "Unconstrained build operations Thread 74" [_thread_blocked, id=29368, stack(0x000000fba5600000,0x000000fba5700000)]
  0x0000022478ec5d20 JavaThread "Unconstrained build operations Thread 75" [_thread_blocked, id=23228, stack(0x000000fba5700000,0x000000fba5800000)]
  0x0000022478ec4df0 JavaThread "Unconstrained build operations Thread 76" [_thread_blocked, id=14892, stack(0x000000fba5800000,0x000000fba5900000)]
  0x0000022478ec5300 JavaThread "Unconstrained build operations Thread 77" [_thread_blocked, id=19540, stack(0x000000fba5900000,0x000000fba5a00000)]
  0x0000022478ec6230 JavaThread "Unconstrained build operations Thread 78" [_thread_blocked, id=28256, stack(0x000000fba5a00000,0x000000fba5b00000)]
  0x0000022478ec7670 JavaThread "Unconstrained build operations Thread 79" [_thread_blocked, id=9508, stack(0x000000fba5b00000,0x000000fba5c00000)]
  0x0000022474e54a80 JavaThread "Unconstrained build operations Thread 80" [_thread_blocked, id=12152, stack(0x000000fba5c00000,0x000000fba5d00000)]

Other Threads:
  0x000002246de9c020 VMThread "VM Thread" [stack: 0x000000fb9c100000,0x000000fb9c200000] [id=23128]
  0x0000022452df4dc0 WatcherThread [stack: 0x000000fb9cd00000,0x000000fb9ce00000] [id=26100]
  0x0000022452dd3b60 GCTaskThread "GC Thread#0" [stack: 0x000000fb9bc00000,0x000000fb9bd00000] [id=21096]
  0x0000022472870ac0 GCTaskThread "GC Thread#1" [stack: 0x000000fb9cf00000,0x000000fb9d000000] [id=25812]
  0x00000224727ec090 GCTaskThread "GC Thread#2" [stack: 0x000000fb9d000000,0x000000fb9d100000] [id=19552]
  0x00000224727ec350 GCTaskThread "GC Thread#3" [stack: 0x000000fb9d100000,0x000000fb9d200000] [id=16440]
  0x00000224728106a0 GCTaskThread "GC Thread#4" [stack: 0x000000fb9d200000,0x000000fb9d300000] [id=24372]
  0x0000022472810960 GCTaskThread "GC Thread#5" [stack: 0x000000fb9d300000,0x000000fb9d400000] [id=24436]
  0x00000224756fc250 GCTaskThread "GC Thread#6" [stack: 0x000000fb9e500000,0x000000fb9e600000] [id=9288]
  0x0000022474746440 GCTaskThread "GC Thread#7" [stack: 0x000000fb9e600000,0x000000fb9e700000] [id=14200]
  0x0000022452dd89c0 ConcurrentGCThread "G1 Main Marker" [stack: 0x000000fb9bd00000,0x000000fb9be00000] [id=26344]
  0x0000022452dd92e0 ConcurrentGCThread "G1 Conc#0" [stack: 0x000000fb9be00000,0x000000fb9bf00000] [id=29404]
  0x0000022474dc8890 ConcurrentGCThread "G1 Conc#1" [stack: 0x000000fb9e700000,0x000000fb9e800000] [id=29056]
  0x0000022452e6dcf0 ConcurrentGCThread "G1 Refine#0" [stack: 0x000000fb9bf00000,0x000000fb9c000000] [id=30200]
  0x0000022472386bb0 ConcurrentGCThread "G1 Refine#1" [stack: 0x000000fb9ce00000,0x000000fb9cf00000] [id=22768]
  0x00000224727567e0 ConcurrentGCThread "G1 Refine#2" [stack: 0x000000fb9fe00000,0x000000fb9ff00000] [id=28548]
  0x00000224783a2d90 ConcurrentGCThread "G1 Refine#3" [stack: 0x000000fba2a00000,0x000000fba2b00000] [id=19500]
  0x0000022452e6e3d0 ConcurrentGCThread "G1 Service" [stack: 0x000000fb9c000000,0x000000fb9c100000] [id=30128]

Threads with active compile tasks:
C2 CompilerThread0    19770 10045       4       io.spring.gradle.dependencymanagement.org.apache.maven.model.interpolation.StringSearchModelInterpolator$InterpolateObjectAction::getCacheEntry (39 bytes)
C1 CompilerThread0    19771 10187       3       org.gradle.internal.component.model.AbstractComponentGraphResolveState::getId (10 bytes)
C2 CompilerThread1    19771 9928       4       io.spring.gradle.dependencymanagement.org.apache.maven.model.interpolation.StringSearchModelInterpolator$InterpolateObjectAction::traverseObjectWithParents (49 bytes)

VM state: not at safepoint (normal execution)

VM Mutex/Monitor currently owned by a thread: None

Heap address: 0x00000000e0000000, size: 512 MB, Compressed Oops mode: 32-bit

CDS archive(s) mapped at: [0x0000022400000000-0x0000022400bd0000-0x0000022400bd0000), size 12386304, SharedBaseAddress: 0x0000022400000000, ArchiveRelocationMode: 1.
Compressed class space mapped at: 0x0000022401000000-0x0000022415000000, reserved size: 335544320
Narrow klass base: 0x0000022400000000, Narrow klass shift: 0, Narrow klass range: 0x100000000

GC Precious Log:
 CPUs: 8 total, 8 available
 Memory: 7865M
 Large Page Support: Disabled
 NUMA Support: Disabled
 Compressed Oops: Enabled (32-bit)
 Heap Region Size: 1M
 Heap Min Capacity: 256M
 Heap Initial Capacity: 256M
 Heap Max Capacity: 512M
 Pre-touch: Disabled
 Parallel Workers: 8
 Concurrent Workers: 2
 Concurrent Refinement Workers: 8
 Periodic GC: Disabled

Heap:
 garbage-first heap   total 262144K, used 167888K [0x00000000e0000000, 0x0000000100000000)
  region size 1024K, 80 young (81920K), 16 survivors (16384K)
 Metaspace       used 71617K, committed 72384K, reserved 393216K
  class space    used 10159K, committed 10496K, reserved 327680K

Heap Regions: E=young(eden), S=young(survivor), O=old, HS=humongous(starts), HC=humongous(continues), CS=collection set, F=free, OA=open archive, CA=closed archive, TAMS=top-at-mark-start (previous, next)
|   0|0x00000000e0000000, 0x00000000e0100000, 0x00000000e0100000|100%|HS|  |TAMS 0x00000000e0100000, 0x00000000e0000000| Complete 
|   1|0x00000000e0100000, 0x00000000e0200000, 0x00000000e0200000|100%|HC|  |TAMS 0x00000000e0200000, 0x00000000e0100000| Complete 
|   2|0x00000000e0200000, 0x00000000e0300000, 0x00000000e0300000|100%|HC|  |TAMS 0x00000000e0300000, 0x00000000e0200000| Complete 
|   3|0x00000000e0300000, 0x00000000e0400000, 0x00000000e0400000|100%| O|  |TAMS 0x00000000e0400000, 0x00000000e0300000| Untracked 
|   4|0x00000000e0400000, 0x00000000e0500000, 0x00000000e0500000|100%| O|  |TAMS 0x00000000e0500000, 0x00000000e0400000| Untracked 
|   5|0x00000000e0500000, 0x00000000e0600000, 0x00000000e0600000|100%| O|  |TAMS 0x00000000e0600000, 0x00000000e0500000| Untracked 
|   6|0x00000000e0600000, 0x00000000e0700000, 0x00000000e0700000|100%|HS|  |TAMS 0x00000000e0700000, 0x00000000e0600000| Complete 
|   7|0x00000000e0700000, 0x00000000e0800000, 0x00000000e0800000|100%|HS|  |TAMS 0x00000000e0800000, 0x00000000e0700000| Complete 
|   8|0x00000000e0800000, 0x00000000e0900000, 0x00000000e0900000|100%| O|  |TAMS 0x00000000e0900000, 0x00000000e0800000| Untracked 
|   9|0x00000000e0900000, 0x00000000e0a00000, 0x00000000e0a00000|100%| O|  |TAMS 0x00000000e0a00000, 0x00000000e0900000| Untracked 
|  10|0x00000000e0a00000, 0x00000000e0b00000, 0x00000000e0b00000|100%| O|  |TAMS 0x00000000e0b00000, 0x00000000e0a00000| Untracked 
|  11|0x00000000e0b00000, 0x00000000e0c00000, 0x00000000e0c00000|100%| O|  |TAMS 0x00000000e0c00000, 0x00000000e0b00000| Untracked 
|  12|0x00000000e0c00000, 0x00000000e0d00000, 0x00000000e0d00000|100%| O|  |TAMS 0x00000000e0d00000, 0x00000000e0c00000| Untracked 
|  13|0x00000000e0d00000, 0x00000000e0e00000, 0x00000000e0e00000|100%| O|  |TAMS 0x00000000e0e00000, 0x00000000e0d00000| Untracked 
|  14|0x00000000e0e00000, 0x00000000e0f00000, 0x00000000e0f00000|100%|HS|  |TAMS 0x00000000e0f00000, 0x00000000e0e00000| Complete 
|  15|0x00000000e0f00000, 0x00000000e1000000, 0x00000000e1000000|100%|HC|  |TAMS 0x00000000e1000000, 0x00000000e0f00000| Complete 
|  16|0x00000000e1000000, 0x00000000e1100000, 0x00000000e1100000|100%|HC|  |TAMS 0x00000000e1100000, 0x00000000e1000000| Complete 
|  17|0x00000000e1100000, 0x00000000e1200000, 0x00000000e1200000|100%|HC|  |TAMS 0x00000000e1200000, 0x00000000e1100000| Complete 
|  18|0x00000000e1200000, 0x00000000e1300000, 0x00000000e1300000|100%|HC|  |TAMS 0x00000000e1300000, 0x00000000e1200000| Complete 
|  19|0x00000000e1300000, 0x00000000e1400000, 0x00000000e1400000|100%|HC|  |TAMS 0x00000000e1400000, 0x00000000e1300000| Complete 
|  20|0x00000000e1400000, 0x00000000e1500000, 0x00000000e1500000|100%|HS|  |TAMS 0x00000000e1500000, 0x00000000e1400000| Complete 
|  21|0x00000000e1500000, 0x00000000e1600000, 0x00000000e1600000|100%|HC|  |TAMS 0x00000000e1600000, 0x00000000e1500000| Complete 
|  22|0x00000000e1600000, 0x00000000e1700000, 0x00000000e1700000|100%|HC|  |TAMS 0x00000000e1700000, 0x00000000e1600000| Complete 
|  23|0x00000000e1700000, 0x00000000e1800000, 0x00000000e1800000|100%|HS|  |TAMS 0x00000000e1800000, 0x00000000e1700000| Complete 
|  24|0x00000000e1800000, 0x00000000e1900000, 0x00000000e1900000|100%|HC|  |TAMS 0x00000000e1900000, 0x00000000e1800000| Complete 
|  25|0x00000000e1900000, 0x00000000e1a00000, 0x00000000e1a00000|100%|HS|  |TAMS 0x00000000e1a00000, 0x00000000e1900000| Complete 
|  26|0x00000000e1a00000, 0x00000000e1b00000, 0x00000000e1b00000|100%|HC|  |TAMS 0x00000000e1b00000, 0x00000000e1a00000| Complete 
|  27|0x00000000e1b00000, 0x00000000e1c00000, 0x00000000e1c00000|100%|HC|  |TAMS 0x00000000e1c00000, 0x00000000e1b00000| Complete 
|  28|0x00000000e1c00000, 0x00000000e1d00000, 0x00000000e1d00000|100%|HC|  |TAMS 0x00000000e1d00000, 0x00000000e1c00000| Complete 
|  29|0x00000000e1d00000, 0x00000000e1e00000, 0x00000000e1e00000|100%|HC|  |TAMS 0x00000000e1e00000, 0x00000000e1d00000| Complete 
|  30|0x00000000e1e00000, 0x00000000e1f00000, 0x00000000e1f00000|100%|HC|  |TAMS 0x00000000e1f00000, 0x00000000e1e00000| Complete 
|  31|0x00000000e1f00000, 0x00000000e2000000, 0x00000000e2000000|100%|HS|  |TAMS 0x00000000e2000000, 0x00000000e1f00000| Complete 
|  32|0x00000000e2000000, 0x00000000e2100000, 0x00000000e2100000|100%|HC|  |TAMS 0x00000000e2100000, 0x00000000e2000000| Complete 
|  33|0x00000000e2100000, 0x00000000e2200000, 0x00000000e2200000|100%|HC|  |TAMS 0x00000000e2200000, 0x00000000e2100000| Complete 
|  34|0x00000000e2200000, 0x00000000e2300000, 0x00000000e2300000|100%|HS|  |TAMS 0x00000000e2300000, 0x00000000e2200000| Complete 
|  35|0x00000000e2300000, 0x00000000e2400000, 0x00000000e2400000|100%|HC|  |TAMS 0x00000000e2400000, 0x00000000e2300000| Complete 
|  36|0x00000000e2400000, 0x00000000e2500000, 0x00000000e2500000|100%|HS|  |TAMS 0x00000000e2500000, 0x00000000e2400000| Complete 
|  37|0x00000000e2500000, 0x00000000e2600000, 0x00000000e2600000|100%| O|  |TAMS 0x00000000e2600000, 0x00000000e2500000| Untracked 
|  38|0x00000000e2600000, 0x00000000e2700000, 0x00000000e2700000|100%| O|  |TAMS 0x00000000e2700000, 0x00000000e2600000| Untracked 
|  39|0x00000000e2700000, 0x00000000e2800000, 0x00000000e2800000|100%| O|  |TAMS 0x00000000e2800000, 0x00000000e2700000| Untracked 
|  40|0x00000000e2800000, 0x00000000e2900000, 0x00000000e2900000|100%| O|  |TAMS 0x00000000e2900000, 0x00000000e2800000| Untracked 
|  41|0x00000000e2900000, 0x00000000e2a00000, 0x00000000e2a00000|100%| O|  |TAMS 0x00000000e2a00000, 0x00000000e2900000| Untracked 
|  42|0x00000000e2a00000, 0x00000000e2b00000, 0x00000000e2b00000|100%| O|  |TAMS 0x00000000e2b00000, 0x00000000e2a00000| Untracked 
|  43|0x00000000e2b00000, 0x00000000e2c00000, 0x00000000e2c00000|100%| O|  |TAMS 0x00000000e2c00000, 0x00000000e2b00000| Untracked 
|  44|0x00000000e2c00000, 0x00000000e2d00000, 0x00000000e2d00000|100%| O|  |TAMS 0x00000000e2d00000, 0x00000000e2c00000| Untracked 
|  45|0x00000000e2d00000, 0x00000000e2e00000, 0x00000000e2e00000|100%| O|  |TAMS 0x00000000e2e00000, 0x00000000e2d00000| Untracked 
|  46|0x00000000e2e00000, 0x00000000e2f00000, 0x00000000e2f00000|100%| O|  |TAMS 0x00000000e2f00000, 0x00000000e2e00000| Untracked 
|  47|0x00000000e2f00000, 0x00000000e3000000, 0x00000000e3000000|100%| O|  |TAMS 0x00000000e3000000, 0x00000000e2f00000| Untracked 
|  48|0x00000000e3000000, 0x00000000e3100000, 0x00000000e3100000|100%| O|  |TAMS 0x00000000e3100000, 0x00000000e3000000| Untracked 
|  49|0x00000000e3100000, 0x00000000e3200000, 0x00000000e3200000|100%| O|  |TAMS 0x00000000e3200000, 0x00000000e3100000| Untracked 
|  50|0x00000000e3200000, 0x00000000e3300000, 0x00000000e3300000|100%| O|  |TAMS 0x00000000e3300000, 0x00000000e3200000| Untracked 
|  51|0x00000000e3300000, 0x00000000e3400000, 0x00000000e3400000|100%| O|  |TAMS 0x00000000e3400000, 0x00000000e3300000| Untracked 
|  52|0x00000000e3400000, 0x00000000e3500000, 0x00000000e3500000|100%| O|  |TAMS 0x00000000e3500000, 0x00000000e3400000| Untracked 
|  53|0x00000000e3500000, 0x00000000e3600000, 0x00000000e3600000|100%| O|  |TAMS 0x00000000e3600000, 0x00000000e3500000| Untracked 
|  54|0x00000000e3600000, 0x00000000e3700000, 0x00000000e3700000|100%| O|  |TAMS 0x00000000e3700000, 0x00000000e3600000| Untracked 
|  55|0x00000000e3700000, 0x00000000e3800000, 0x00000000e3800000|100%| O|  |TAMS 0x00000000e3800000, 0x00000000e3700000| Untracked 
|  56|0x00000000e3800000, 0x00000000e3900000, 0x00000000e3900000|100%| O|  |TAMS 0x00000000e3900000, 0x00000000e3800000| Untracked 
|  57|0x00000000e3900000, 0x00000000e3a00000, 0x00000000e3a00000|100%| O|  |TAMS 0x00000000e3a00000, 0x00000000e3900000| Untracked 
|  58|0x00000000e3a00000, 0x00000000e3b00000, 0x00000000e3b00000|100%| O|  |TAMS 0x00000000e3b00000, 0x00000000e3a00000| Untracked 
|  59|0x00000000e3b00000, 0x00000000e3c00000, 0x00000000e3c00000|100%|HS|  |TAMS 0x00000000e3c00000, 0x00000000e3b00000| Complete 
|  60|0x00000000e3c00000, 0x00000000e3d00000, 0x00000000e3d00000|100%|HC|  |TAMS 0x00000000e3d00000, 0x00000000e3c00000| Complete 
|  61|0x00000000e3d00000, 0x00000000e3e00000, 0x00000000e3e00000|100%|HC|  |TAMS 0x00000000e3e00000, 0x00000000e3d00000| Complete 
|  62|0x00000000e3e00000, 0x00000000e3f00000, 0x00000000e3f00000|100%|HC|  |TAMS 0x00000000e3f00000, 0x00000000e3e00000| Complete 
|  63|0x00000000e3f00000, 0x00000000e4000000, 0x00000000e4000000|100%|HC|  |TAMS 0x00000000e4000000, 0x00000000e3f00000| Complete 
|  64|0x00000000e4000000, 0x00000000e4100000, 0x00000000e4100000|100%|HC|  |TAMS 0x00000000e4100000, 0x00000000e4000000| Complete 
|  65|0x00000000e4100000, 0x00000000e4200000, 0x00000000e4200000|100%|HS|  |TAMS 0x00000000e4200000, 0x00000000e4100000| Complete 
|  66|0x00000000e4200000, 0x00000000e4300000, 0x00000000e4300000|100%|HC|  |TAMS 0x00000000e4300000, 0x00000000e4200000| Complete 
|  67|0x00000000e4300000, 0x00000000e4400000, 0x00000000e4400000|100%|HS|  |TAMS 0x00000000e4400000, 0x00000000e4300000| Complete 
|  68|0x00000000e4400000, 0x00000000e4500000, 0x00000000e4500000|100%|HC|  |TAMS 0x00000000e4500000, 0x00000000e4400000| Complete 
|  69|0x00000000e4500000, 0x00000000e4600000, 0x00000000e4600000|100%|HC|  |TAMS 0x00000000e4600000, 0x00000000e4500000| Complete 
|  70|0x00000000e4600000, 0x00000000e4700000, 0x00000000e4700000|100%|HC|  |TAMS 0x00000000e4700000, 0x00000000e4600000| Complete 
|  71|0x00000000e4700000, 0x00000000e4800000, 0x00000000e4800000|100%|HC|  |TAMS 0x00000000e4800000, 0x00000000e4700000| Complete 
|  72|0x00000000e4800000, 0x00000000e4900000, 0x00000000e4900000|100%|HC|  |TAMS 0x00000000e4900000, 0x00000000e4800000| Complete 
|  73|0x00000000e4900000, 0x00000000e4a00000, 0x00000000e4a00000|100%|HS|  |TAMS 0x00000000e4a00000, 0x00000000e4900000| Complete 
|  74|0x00000000e4a00000, 0x00000000e4b00000, 0x00000000e4b00000|100%| O|  |TAMS 0x00000000e4a00000, 0x00000000e4a00000| Untracked 
|  75|0x00000000e4b00000, 0x00000000e4c00000, 0x00000000e4c00000|100%| O|  |TAMS 0x00000000e4b00000, 0x00000000e4b00000| Untracked 
|  76|0x00000000e4c00000, 0x00000000e4d00000, 0x00000000e4d00000|100%| O|  |TAMS 0x00000000e4d00000, 0x00000000e4c00000| Untracked 
|  77|0x00000000e4d00000, 0x00000000e4e00000, 0x00000000e4e00000|100%| O|  |TAMS 0x00000000e4e00000, 0x00000000e4d00000| Untracked 
|  78|0x00000000e4e00000, 0x00000000e4f00000, 0x00000000e4f00000|100%| O|  |TAMS 0x00000000e4f00000, 0x00000000e4e00000| Untracked 
|  79|0x00000000e4f00000, 0x00000000e5000000, 0x00000000e5000000|100%| O|  |TAMS 0x00000000e5000000, 0x00000000e4f00000| Untracked 
|  80|0x00000000e5000000, 0x00000000e5100000, 0x00000000e5100000|100%| O|  |TAMS 0x00000000e509f400, 0x00000000e5000000| Untracked 
|  81|0x00000000e5100000, 0x00000000e5200000, 0x00000000e5200000|100%| O|  |TAMS 0x00000000e5100000, 0x00000000e5100000| Untracked 
|  82|0x00000000e5200000, 0x00000000e5300000, 0x00000000e5300000|100%| O|  |TAMS 0x00000000e5200000, 0x00000000e5200000| Untracked 
|  83|0x00000000e5300000, 0x00000000e53f4200, 0x00000000e5400000| 95%| O|  |TAMS 0x00000000e5300000, 0x00000000e5300000| Untracked 
|  84|0x00000000e5400000, 0x00000000e5500000, 0x00000000e5500000|100%|HS|  |TAMS 0x00000000e5400000, 0x00000000e5400000| Complete 
|  85|0x00000000e5500000, 0x00000000e5600000, 0x00000000e5600000|100%|HC|  |TAMS 0x00000000e5500000, 0x00000000e5500000| Complete 
|  86|0x00000000e5600000, 0x00000000e5600000, 0x00000000e5700000|  0%| F|  |TAMS 0x00000000e5600000, 0x00000000e5600000| Untracked 
|  87|0x00000000e5700000, 0x00000000e5700000, 0x00000000e5800000|  0%| F|  |TAMS 0x00000000e5700000, 0x00000000e5700000| Untracked 
|  88|0x00000000e5800000, 0x00000000e5800000, 0x00000000e5900000|  0%| F|  |TAMS 0x00000000e5800000, 0x00000000e5800000| Untracked 
|  89|0x00000000e5900000, 0x00000000e5900000, 0x00000000e5a00000|  0%| F|  |TAMS 0x00000000e5900000, 0x00000000e5900000| Untracked 
|  90|0x00000000e5a00000, 0x00000000e5a00000, 0x00000000e5b00000|  0%| F|  |TAMS 0x00000000e5a00000, 0x00000000e5a00000| Untracked 
|  91|0x00000000e5b00000, 0x00000000e5b00000, 0x00000000e5c00000|  0%| F|  |TAMS 0x00000000e5b00000, 0x00000000e5b00000| Untracked 
|  92|0x00000000e5c00000, 0x00000000e5c00000, 0x00000000e5d00000|  0%| F|  |TAMS 0x00000000e5c00000, 0x00000000e5c00000| Untracked 
|  93|0x00000000e5d00000, 0x00000000e5d00000, 0x00000000e5e00000|  0%| F|  |TAMS 0x00000000e5d00000, 0x00000000e5d00000| Untracked 
|  94|0x00000000e5e00000, 0x00000000e5e00000, 0x00000000e5f00000|  0%| F|  |TAMS 0x00000000e5e00000, 0x00000000e5e00000| Untracked 
|  95|0x00000000e5f00000, 0x00000000e5f00000, 0x00000000e6000000|  0%| F|  |TAMS 0x00000000e5f00000, 0x00000000e5f00000| Untracked 
|  96|0x00000000e6000000, 0x00000000e6000000, 0x00000000e6100000|  0%| F|  |TAMS 0x00000000e6000000, 0x00000000e6000000| Untracked 
|  97|0x00000000e6100000, 0x00000000e6100000, 0x00000000e6200000|  0%| F|  |TAMS 0x00000000e6100000, 0x00000000e6100000| Untracked 
|  98|0x00000000e6200000, 0x00000000e6200000, 0x00000000e6300000|  0%| F|  |TAMS 0x00000000e6200000, 0x00000000e6200000| Untracked 
|  99|0x00000000e6300000, 0x00000000e6300000, 0x00000000e6400000|  0%| F|  |TAMS 0x00000000e6300000, 0x00000000e6300000| Untracked 
| 100|0x00000000e6400000, 0x00000000e6400000, 0x00000000e6500000|  0%| F|  |TAMS 0x00000000e6400000, 0x00000000e6400000| Untracked 
| 101|0x00000000e6500000, 0x00000000e6500000, 0x00000000e6600000|  0%| F|  |TAMS 0x00000000e6500000, 0x00000000e6500000| Untracked 
| 102|0x00000000e6600000, 0x00000000e6600000, 0x00000000e6700000|  0%| F|  |TAMS 0x00000000e6600000, 0x00000000e6600000| Untracked 
| 103|0x00000000e6700000, 0x00000000e6700000, 0x00000000e6800000|  0%| F|  |TAMS 0x00000000e6700000, 0x00000000e6700000| Untracked 
| 104|0x00000000e6800000, 0x00000000e6800000, 0x00000000e6900000|  0%| F|  |TAMS 0x00000000e6800000, 0x00000000e6800000| Untracked 
| 105|0x00000000e6900000, 0x00000000e6900000, 0x00000000e6a00000|  0%| F|  |TAMS 0x00000000e6900000, 0x00000000e6900000| Untracked 
| 106|0x00000000e6a00000, 0x00000000e6a00000, 0x00000000e6b00000|  0%| F|  |TAMS 0x00000000e6a00000, 0x00000000e6a00000| Untracked 
| 107|0x00000000e6b00000, 0x00000000e6b00000, 0x00000000e6c00000|  0%| F|  |TAMS 0x00000000e6b00000, 0x00000000e6b00000| Untracked 
| 108|0x00000000e6c00000, 0x00000000e6c00000, 0x00000000e6d00000|  0%| F|  |TAMS 0x00000000e6c00000, 0x00000000e6c00000| Untracked 
| 109|0x00000000e6d00000, 0x00000000e6d00000, 0x00000000e6e00000|  0%| F|  |TAMS 0x00000000e6d00000, 0x00000000e6d00000| Untracked 
| 110|0x00000000e6e00000, 0x00000000e6e00000, 0x00000000e6f00000|  0%| F|  |TAMS 0x00000000e6e00000, 0x00000000e6e00000| Untracked 
| 111|0x00000000e6f00000, 0x00000000e6f00000, 0x00000000e7000000|  0%| F|  |TAMS 0x00000000e6f00000, 0x00000000e6f00000| Untracked 
| 112|0x00000000e7000000, 0x00000000e7000000, 0x00000000e7100000|  0%| F|  |TAMS 0x00000000e7000000, 0x00000000e7000000| Untracked 
| 113|0x00000000e7100000, 0x00000000e7100000, 0x00000000e7200000|  0%| F|  |TAMS 0x00000000e7100000, 0x00000000e7100000| Untracked 
| 114|0x00000000e7200000, 0x00000000e7200000, 0x00000000e7300000|  0%| F|  |TAMS 0x00000000e7200000, 0x00000000e7200000| Untracked 
| 115|0x00000000e7300000, 0x00000000e7300000, 0x00000000e7400000|  0%| F|  |TAMS 0x00000000e7300000, 0x00000000e7300000| Untracked 
| 116|0x00000000e7400000, 0x00000000e7500000, 0x00000000e7500000|100%| S|CS|TAMS 0x00000000e7400000, 0x00000000e7400000| Complete 
| 117|0x00000000e7500000, 0x00000000e7600000, 0x00000000e7600000|100%| S|CS|TAMS 0x00000000e7500000, 0x00000000e7500000| Complete 
| 118|0x00000000e7600000, 0x00000000e7700000, 0x00000000e7700000|100%| S|CS|TAMS 0x00000000e7600000, 0x00000000e7600000| Complete 
| 119|0x00000000e7700000, 0x00000000e7800000, 0x00000000e7800000|100%| S|CS|TAMS 0x00000000e7700000, 0x00000000e7700000| Complete 
| 120|0x00000000e7800000, 0x00000000e7900000, 0x00000000e7900000|100%| S|CS|TAMS 0x00000000e7800000, 0x00000000e7800000| Complete 
| 121|0x00000000e7900000, 0x00000000e7a00000, 0x00000000e7a00000|100%| S|CS|TAMS 0x00000000e7900000, 0x00000000e7900000| Complete 
| 122|0x00000000e7a00000, 0x00000000e7b00000, 0x00000000e7b00000|100%| S|CS|TAMS 0x00000000e7a00000, 0x00000000e7a00000| Complete 
| 123|0x00000000e7b00000, 0x00000000e7c00000, 0x00000000e7c00000|100%| S|CS|TAMS 0x00000000e7b00000, 0x00000000e7b00000| Complete 
| 124|0x00000000e7c00000, 0x00000000e7d00000, 0x00000000e7d00000|100%| S|CS|TAMS 0x00000000e7c00000, 0x00000000e7c00000| Complete 
| 125|0x00000000e7d00000, 0x00000000e7e00000, 0x00000000e7e00000|100%| S|CS|TAMS 0x00000000e7d00000, 0x00000000e7d00000| Complete 
| 126|0x00000000e7e00000, 0x00000000e7f00000, 0x00000000e7f00000|100%| S|CS|TAMS 0x00000000e7e00000, 0x00000000e7e00000| Complete 
| 127|0x00000000e7f00000, 0x00000000e8000000, 0x00000000e8000000|100%| S|CS|TAMS 0x00000000e7f00000, 0x00000000e7f00000| Complete 
| 128|0x00000000e8000000, 0x00000000e8100000, 0x00000000e8100000|100%| S|CS|TAMS 0x00000000e8000000, 0x00000000e8000000| Complete 
| 129|0x00000000e8100000, 0x00000000e8200000, 0x00000000e8200000|100%| S|CS|TAMS 0x00000000e8100000, 0x00000000e8100000| Complete 
| 130|0x00000000e8200000, 0x00000000e8300000, 0x00000000e8300000|100%| S|CS|TAMS 0x00000000e8200000, 0x00000000e8200000| Complete 
| 131|0x00000000e8300000, 0x00000000e8400000, 0x00000000e8400000|100%| S|CS|TAMS 0x00000000e8300000, 0x00000000e8300000| Complete 
| 132|0x00000000e8400000, 0x00000000e8400000, 0x00000000e8500000|  0%| F|  |TAMS 0x00000000e8400000, 0x00000000e8400000| Untracked 
| 133|0x00000000e8500000, 0x00000000e8500000, 0x00000000e8600000|  0%| F|  |TAMS 0x00000000e8500000, 0x00000000e8500000| Untracked 
| 134|0x00000000e8600000, 0x00000000e8600000, 0x00000000e8700000|  0%| F|  |TAMS 0x00000000e8600000, 0x00000000e8600000| Untracked 
| 135|0x00000000e8700000, 0x00000000e8700000, 0x00000000e8800000|  0%| F|  |TAMS 0x00000000e8700000, 0x00000000e8700000| Untracked 
| 136|0x00000000e8800000, 0x00000000e8800000, 0x00000000e8900000|  0%| F|  |TAMS 0x00000000e8800000, 0x00000000e8800000| Untracked 
| 137|0x00000000e8900000, 0x00000000e8900000, 0x00000000e8a00000|  0%| F|  |TAMS 0x00000000e8900000, 0x00000000e8900000| Untracked 
| 138|0x00000000e8a00000, 0x00000000e8a00000, 0x00000000e8b00000|  0%| F|  |TAMS 0x00000000e8a00000, 0x00000000e8a00000| Untracked 
| 139|0x00000000e8b00000, 0x00000000e8b00000, 0x00000000e8c00000|  0%| F|  |TAMS 0x00000000e8b00000, 0x00000000e8b00000| Untracked 
| 140|0x00000000e8c00000, 0x00000000e8c00000, 0x00000000e8d00000|  0%| F|  |TAMS 0x00000000e8c00000, 0x00000000e8c00000| Untracked 
| 141|0x00000000e8d00000, 0x00000000e8d00000, 0x00000000e8e00000|  0%| F|  |TAMS 0x00000000e8d00000, 0x00000000e8d00000| Untracked 
| 142|0x00000000e8e00000, 0x00000000e8e00000, 0x00000000e8f00000|  0%| F|  |TAMS 0x00000000e8e00000, 0x00000000e8e00000| Untracked 
| 143|0x00000000e8f00000, 0x00000000e8f00000, 0x00000000e9000000|  0%| F|  |TAMS 0x00000000e8f00000, 0x00000000e8f00000| Untracked 
| 144|0x00000000e9000000, 0x00000000e9000000, 0x00000000e9100000|  0%| F|  |TAMS 0x00000000e9000000, 0x00000000e9000000| Untracked 
| 145|0x00000000e9100000, 0x00000000e9100000, 0x00000000e9200000|  0%| F|  |TAMS 0x00000000e9100000, 0x00000000e9100000| Untracked 
| 146|0x00000000e9200000, 0x00000000e9200000, 0x00000000e9300000|  0%| F|  |TAMS 0x00000000e9200000, 0x00000000e9200000| Untracked 
| 147|0x00000000e9300000, 0x00000000e9300000, 0x00000000e9400000|  0%| F|  |TAMS 0x00000000e9300000, 0x00000000e9300000| Untracked 
| 148|0x00000000e9400000, 0x00000000e9400000, 0x00000000e9500000|  0%| F|  |TAMS 0x00000000e9400000, 0x00000000e9400000| Untracked 
| 149|0x00000000e9500000, 0x00000000e9500000, 0x00000000e9600000|  0%| F|  |TAMS 0x00000000e9500000, 0x00000000e9500000| Untracked 
| 150|0x00000000e9600000, 0x00000000e9600000, 0x00000000e9700000|  0%| F|  |TAMS 0x00000000e9600000, 0x00000000e9600000| Untracked 
| 151|0x00000000e9700000, 0x00000000e9700000, 0x00000000e9800000|  0%| F|  |TAMS 0x00000000e9700000, 0x00000000e9700000| Untracked 
| 152|0x00000000e9800000, 0x00000000e9800000, 0x00000000e9900000|  0%| F|  |TAMS 0x00000000e9800000, 0x00000000e9800000| Untracked 
| 153|0x00000000e9900000, 0x00000000e9900000, 0x00000000e9a00000|  0%| F|  |TAMS 0x00000000e9900000, 0x00000000e9900000| Untracked 
| 154|0x00000000e9a00000, 0x00000000e9a00000, 0x00000000e9b00000|  0%| F|  |TAMS 0x00000000e9a00000, 0x00000000e9a00000| Untracked 
| 155|0x00000000e9b00000, 0x00000000e9b00000, 0x00000000e9c00000|  0%| F|  |TAMS 0x00000000e9b00000, 0x00000000e9b00000| Untracked 
| 156|0x00000000e9c00000, 0x00000000e9c00000, 0x00000000e9d00000|  0%| F|  |TAMS 0x00000000e9c00000, 0x00000000e9c00000| Untracked 
| 157|0x00000000e9d00000, 0x00000000e9d00000, 0x00000000e9e00000|  0%| F|  |TAMS 0x00000000e9d00000, 0x00000000e9d00000| Untracked 
| 158|0x00000000e9e00000, 0x00000000e9e00000, 0x00000000e9f00000|  0%| F|  |TAMS 0x00000000e9e00000, 0x00000000e9e00000| Untracked 
| 159|0x00000000e9f00000, 0x00000000e9f00000, 0x00000000ea000000|  0%| F|  |TAMS 0x00000000e9f00000, 0x00000000e9f00000| Untracked 
| 160|0x00000000ea000000, 0x00000000ea000000, 0x00000000ea100000|  0%| F|  |TAMS 0x00000000ea000000, 0x00000000ea000000| Untracked 
| 161|0x00000000ea100000, 0x00000000ea100000, 0x00000000ea200000|  0%| F|  |TAMS 0x00000000ea100000, 0x00000000ea100000| Untracked 
| 162|0x00000000ea200000, 0x00000000ea200000, 0x00000000ea300000|  0%| F|  |TAMS 0x00000000ea200000, 0x00000000ea200000| Untracked 
| 163|0x00000000ea300000, 0x00000000ea300000, 0x00000000ea400000|  0%| F|  |TAMS 0x00000000ea300000, 0x00000000ea300000| Untracked 
| 164|0x00000000ea400000, 0x00000000ea400000, 0x00000000ea500000|  0%| F|  |TAMS 0x00000000ea400000, 0x00000000ea400000| Untracked 
| 165|0x00000000ea500000, 0x00000000ea500000, 0x00000000ea600000|  0%| F|  |TAMS 0x00000000ea500000, 0x00000000ea500000| Untracked 
| 166|0x00000000ea600000, 0x00000000ea600000, 0x00000000ea700000|  0%| F|  |TAMS 0x00000000ea600000, 0x00000000ea600000| Untracked 
| 167|0x00000000ea700000, 0x00000000ea700000, 0x00000000ea800000|  0%| F|  |TAMS 0x00000000ea700000, 0x00000000ea700000| Untracked 
| 168|0x00000000ea800000, 0x00000000ea800000, 0x00000000ea900000|  0%| F|  |TAMS 0x00000000ea800000, 0x00000000ea800000| Untracked 
| 169|0x00000000ea900000, 0x00000000ea900000, 0x00000000eaa00000|  0%| F|  |TAMS 0x00000000ea900000, 0x00000000ea900000| Untracked 
| 170|0x00000000eaa00000, 0x00000000eaa00000, 0x00000000eab00000|  0%| F|  |TAMS 0x00000000eaa00000, 0x00000000eaa00000| Untracked 
| 171|0x00000000eab00000, 0x00000000eab00000, 0x00000000eac00000|  0%| F|  |TAMS 0x00000000eab00000, 0x00000000eab00000| Untracked 
| 172|0x00000000eac00000, 0x00000000eac00000, 0x00000000ead00000|  0%| F|  |TAMS 0x00000000eac00000, 0x00000000eac00000| Untracked 
| 173|0x00000000ead00000, 0x00000000ead00000, 0x00000000eae00000|  0%| F|  |TAMS 0x00000000ead00000, 0x00000000ead00000| Untracked 
| 174|0x00000000eae00000, 0x00000000eae00000, 0x00000000eaf00000|  0%| F|  |TAMS 0x00000000eae00000, 0x00000000eae00000| Untracked 
| 175|0x00000000eaf00000, 0x00000000eaf00000, 0x00000000eb000000|  0%| F|  |TAMS 0x00000000eaf00000, 0x00000000eaf00000| Untracked 
| 176|0x00000000eb000000, 0x00000000eb000000, 0x00000000eb100000|  0%| F|  |TAMS 0x00000000eb000000, 0x00000000eb000000| Untracked 
| 177|0x00000000eb100000, 0x00000000eb100000, 0x00000000eb200000|  0%| F|  |TAMS 0x00000000eb100000, 0x00000000eb100000| Untracked 
| 178|0x00000000eb200000, 0x00000000eb200000, 0x00000000eb300000|  0%| F|  |TAMS 0x00000000eb200000, 0x00000000eb200000| Untracked 
| 179|0x00000000eb300000, 0x00000000eb300000, 0x00000000eb400000|  0%| F|  |TAMS 0x00000000eb300000, 0x00000000eb300000| Untracked 
| 180|0x00000000eb400000, 0x00000000eb400000, 0x00000000eb500000|  0%| F|  |TAMS 0x00000000eb400000, 0x00000000eb400000| Untracked 
| 181|0x00000000eb500000, 0x00000000eb500000, 0x00000000eb600000|  0%| F|  |TAMS 0x00000000eb500000, 0x00000000eb500000| Untracked 
| 182|0x00000000eb600000, 0x00000000eb600000, 0x00000000eb700000|  0%| F|  |TAMS 0x00000000eb600000, 0x00000000eb600000| Untracked 
| 183|0x00000000eb700000, 0x00000000eb700000, 0x00000000eb800000|  0%| F|  |TAMS 0x00000000eb700000, 0x00000000eb700000| Untracked 
| 184|0x00000000eb800000, 0x00000000eb800000, 0x00000000eb900000|  0%| F|  |TAMS 0x00000000eb800000, 0x00000000eb800000| Untracked 
| 185|0x00000000eb900000, 0x00000000eb900000, 0x00000000eba00000|  0%| F|  |TAMS 0x00000000eb900000, 0x00000000eb900000| Untracked 
| 186|0x00000000eba00000, 0x00000000eba00000, 0x00000000ebb00000|  0%| F|  |TAMS 0x00000000eba00000, 0x00000000eba00000| Untracked 
| 187|0x00000000ebb00000, 0x00000000ebb00000, 0x00000000ebc00000|  0%| F|  |TAMS 0x00000000ebb00000, 0x00000000ebb00000| Untracked 
| 188|0x00000000ebc00000, 0x00000000ebc00000, 0x00000000ebd00000|  0%| F|  |TAMS 0x00000000ebc00000, 0x00000000ebc00000| Untracked 
| 189|0x00000000ebd00000, 0x00000000ebd00000, 0x00000000ebe00000|  0%| F|  |TAMS 0x00000000ebd00000, 0x00000000ebd00000| Untracked 
| 190|0x00000000ebe00000, 0x00000000ebe00000, 0x00000000ebf00000|  0%| F|  |TAMS 0x00000000ebe00000, 0x00000000ebe00000| Untracked 
| 191|0x00000000ebf00000, 0x00000000ebf18800, 0x00000000ec000000|  9%| E|  |TAMS 0x00000000ebf00000, 0x00000000ebf00000| Complete 
| 192|0x00000000ec000000, 0x00000000ec100000, 0x00000000ec100000|100%| E|CS|TAMS 0x00000000ec000000, 0x00000000ec000000| Complete 
| 193|0x00000000ec100000, 0x00000000ec200000, 0x00000000ec200000|100%| E|CS|TAMS 0x00000000ec100000, 0x00000000ec100000| Complete 
| 194|0x00000000ec200000, 0x00000000ec300000, 0x00000000ec300000|100%| E|CS|TAMS 0x00000000ec200000, 0x00000000ec200000| Complete 
| 195|0x00000000ec300000, 0x00000000ec400000, 0x00000000ec400000|100%| E|CS|TAMS 0x00000000ec300000, 0x00000000ec300000| Complete 
| 196|0x00000000ec400000, 0x00000000ec500000, 0x00000000ec500000|100%| E|CS|TAMS 0x00000000ec400000, 0x00000000ec400000| Complete 
| 197|0x00000000ec500000, 0x00000000ec600000, 0x00000000ec600000|100%| E|CS|TAMS 0x00000000ec500000, 0x00000000ec500000| Complete 
| 198|0x00000000ec600000, 0x00000000ec700000, 0x00000000ec700000|100%| E|CS|TAMS 0x00000000ec600000, 0x00000000ec600000| Complete 
| 199|0x00000000ec700000, 0x00000000ec800000, 0x00000000ec800000|100%| E|CS|TAMS 0x00000000ec700000, 0x00000000ec700000| Complete 
| 200|0x00000000ec800000, 0x00000000ec900000, 0x00000000ec900000|100%| E|CS|TAMS 0x00000000ec800000, 0x00000000ec800000| Complete 
| 201|0x00000000ec900000, 0x00000000eca00000, 0x00000000eca00000|100%| E|CS|TAMS 0x00000000ec900000, 0x00000000ec900000| Complete 
| 202|0x00000000eca00000, 0x00000000ecb00000, 0x00000000ecb00000|100%| E|CS|TAMS 0x00000000eca00000, 0x00000000eca00000| Complete 
| 203|0x00000000ecb00000, 0x00000000ecc00000, 0x00000000ecc00000|100%| E|CS|TAMS 0x00000000ecb00000, 0x00000000ecb00000| Complete 
| 204|0x00000000ecc00000, 0x00000000ecd00000, 0x00000000ecd00000|100%| E|CS|TAMS 0x00000000ecc00000, 0x00000000ecc00000| Complete 
| 205|0x00000000ecd00000, 0x00000000ece00000, 0x00000000ece00000|100%| E|CS|TAMS 0x00000000ecd00000, 0x00000000ecd00000| Complete 
| 206|0x00000000ece00000, 0x00000000ecf00000, 0x00000000ecf00000|100%| E|CS|TAMS 0x00000000ece00000, 0x00000000ece00000| Complete 
| 207|0x00000000ecf00000, 0x00000000ed000000, 0x00000000ed000000|100%| E|CS|TAMS 0x00000000ecf00000, 0x00000000ecf00000| Complete 
| 208|0x00000000ed000000, 0x00000000ed100000, 0x00000000ed100000|100%| E|CS|TAMS 0x00000000ed000000, 0x00000000ed000000| Complete 
| 209|0x00000000ed100000, 0x00000000ed200000, 0x00000000ed200000|100%| E|CS|TAMS 0x00000000ed100000, 0x00000000ed100000| Complete 
| 210|0x00000000ed200000, 0x00000000ed300000, 0x00000000ed300000|100%| E|CS|TAMS 0x00000000ed200000, 0x00000000ed200000| Complete 
| 211|0x00000000ed300000, 0x00000000ed400000, 0x00000000ed400000|100%| E|CS|TAMS 0x00000000ed300000, 0x00000000ed300000| Complete 
| 212|0x00000000ed400000, 0x00000000ed500000, 0x00000000ed500000|100%| E|CS|TAMS 0x00000000ed400000, 0x00000000ed400000| Complete 
| 213|0x00000000ed500000, 0x00000000ed600000, 0x00000000ed600000|100%| E|CS|TAMS 0x00000000ed500000, 0x00000000ed500000| Complete 
| 214|0x00000000ed600000, 0x00000000ed700000, 0x00000000ed700000|100%| E|CS|TAMS 0x00000000ed600000, 0x00000000ed600000| Complete 
| 215|0x00000000ed700000, 0x00000000ed800000, 0x00000000ed800000|100%| E|CS|TAMS 0x00000000ed700000, 0x00000000ed700000| Complete 
| 216|0x00000000ed800000, 0x00000000ed900000, 0x00000000ed900000|100%| E|CS|TAMS 0x00000000ed800000, 0x00000000ed800000| Complete 
| 217|0x00000000ed900000, 0x00000000eda00000, 0x00000000eda00000|100%| E|CS|TAMS 0x00000000ed900000, 0x00000000ed900000| Complete 
| 218|0x00000000eda00000, 0x00000000edb00000, 0x00000000edb00000|100%| E|CS|TAMS 0x00000000eda00000, 0x00000000eda00000| Complete 
| 219|0x00000000edb00000, 0x00000000edc00000, 0x00000000edc00000|100%| E|CS|TAMS 0x00000000edb00000, 0x00000000edb00000| Complete 
| 220|0x00000000edc00000, 0x00000000edd00000, 0x00000000edd00000|100%| E|CS|TAMS 0x00000000edc00000, 0x00000000edc00000| Complete 
| 221|0x00000000edd00000, 0x00000000ede00000, 0x00000000ede00000|100%| E|CS|TAMS 0x00000000edd00000, 0x00000000edd00000| Complete 
| 222|0x00000000ede00000, 0x00000000edf00000, 0x00000000edf00000|100%| E|CS|TAMS 0x00000000ede00000, 0x00000000ede00000| Complete 
| 223|0x00000000edf00000, 0x00000000ee000000, 0x00000000ee000000|100%| E|CS|TAMS 0x00000000edf00000, 0x00000000edf00000| Complete 
| 224|0x00000000ee000000, 0x00000000ee100000, 0x00000000ee100000|100%| E|CS|TAMS 0x00000000ee000000, 0x00000000ee000000| Complete 
| 225|0x00000000ee100000, 0x00000000ee200000, 0x00000000ee200000|100%| E|CS|TAMS 0x00000000ee100000, 0x00000000ee100000| Complete 
| 226|0x00000000ee200000, 0x00000000ee300000, 0x00000000ee300000|100%| E|CS|TAMS 0x00000000ee200000, 0x00000000ee200000| Complete 
| 227|0x00000000ee300000, 0x00000000ee400000, 0x00000000ee400000|100%| E|CS|TAMS 0x00000000ee300000, 0x00000000ee300000| Complete 
| 228|0x00000000ee400000, 0x00000000ee500000, 0x00000000ee500000|100%| E|CS|TAMS 0x00000000ee400000, 0x00000000ee400000| Complete 
| 229|0x00000000ee500000, 0x00000000ee600000, 0x00000000ee600000|100%| E|CS|TAMS 0x00000000ee500000, 0x00000000ee500000| Complete 
| 230|0x00000000ee600000, 0x00000000ee700000, 0x00000000ee700000|100%| E|CS|TAMS 0x00000000ee600000, 0x00000000ee600000| Complete 
| 231|0x00000000ee700000, 0x00000000ee800000, 0x00000000ee800000|100%| E|CS|TAMS 0x00000000ee700000, 0x00000000ee700000| Complete 
| 232|0x00000000ee800000, 0x00000000ee900000, 0x00000000ee900000|100%| E|CS|TAMS 0x00000000ee800000, 0x00000000ee800000| Complete 
| 233|0x00000000ee900000, 0x00000000eea00000, 0x00000000eea00000|100%| E|CS|TAMS 0x00000000ee900000, 0x00000000ee900000| Complete 
| 234|0x00000000eea00000, 0x00000000eeb00000, 0x00000000eeb00000|100%| E|CS|TAMS 0x00000000eea00000, 0x00000000eea00000| Complete 
| 235|0x00000000eeb00000, 0x00000000eec00000, 0x00000000eec00000|100%| E|CS|TAMS 0x00000000eeb00000, 0x00000000eeb00000| Complete 
| 236|0x00000000eec00000, 0x00000000eed00000, 0x00000000eed00000|100%| E|CS|TAMS 0x00000000eec00000, 0x00000000eec00000| Complete 
| 237|0x00000000eed00000, 0x00000000eee00000, 0x00000000eee00000|100%| E|CS|TAMS 0x00000000eed00000, 0x00000000eed00000| Complete 
| 238|0x00000000eee00000, 0x00000000eef00000, 0x00000000eef00000|100%| E|CS|TAMS 0x00000000eee00000, 0x00000000eee00000| Complete 
| 239|0x00000000eef00000, 0x00000000ef000000, 0x00000000ef000000|100%| E|CS|TAMS 0x00000000eef00000, 0x00000000eef00000| Complete 
| 240|0x00000000ef000000, 0x00000000ef100000, 0x00000000ef100000|100%| E|CS|TAMS 0x00000000ef000000, 0x00000000ef000000| Complete 
| 241|0x00000000ef100000, 0x00000000ef200000, 0x00000000ef200000|100%| E|CS|TAMS 0x00000000ef100000, 0x00000000ef100000| Complete 
| 242|0x00000000ef200000, 0x00000000ef300000, 0x00000000ef300000|100%| E|CS|TAMS 0x00000000ef200000, 0x00000000ef200000| Complete 
| 243|0x00000000ef300000, 0x00000000ef400000, 0x00000000ef400000|100%| E|CS|TAMS 0x00000000ef300000, 0x00000000ef300000| Complete 
| 244|0x00000000ef400000, 0x00000000ef500000, 0x00000000ef500000|100%| E|CS|TAMS 0x00000000ef400000, 0x00000000ef400000| Complete 
| 245|0x00000000ef500000, 0x00000000ef600000, 0x00000000ef600000|100%| E|CS|TAMS 0x00000000ef500000, 0x00000000ef500000| Complete 
| 246|0x00000000ef600000, 0x00000000ef700000, 0x00000000ef700000|100%| E|CS|TAMS 0x00000000ef600000, 0x00000000ef600000| Complete 
| 247|0x00000000ef700000, 0x00000000ef800000, 0x00000000ef800000|100%| E|CS|TAMS 0x00000000ef700000, 0x00000000ef700000| Complete 
| 248|0x00000000ef800000, 0x00000000ef900000, 0x00000000ef900000|100%| E|CS|TAMS 0x00000000ef800000, 0x00000000ef800000| Complete 
| 249|0x00000000ef900000, 0x00000000efa00000, 0x00000000efa00000|100%| E|CS|TAMS 0x00000000ef900000, 0x00000000ef900000| Complete 
| 250|0x00000000efa00000, 0x00000000efb00000, 0x00000000efb00000|100%| E|  |TAMS 0x00000000efa00000, 0x00000000efa00000| Complete 
| 251|0x00000000efb00000, 0x00000000efc00000, 0x00000000efc00000|100%| E|CS|TAMS 0x00000000efb00000, 0x00000000efb00000| Complete 
| 252|0x00000000efc00000, 0x00000000efd00000, 0x00000000efd00000|100%| E|CS|TAMS 0x00000000efc00000, 0x00000000efc00000| Complete 
| 253|0x00000000efd00000, 0x00000000efe00000, 0x00000000efe00000|100%| E|CS|TAMS 0x00000000efd00000, 0x00000000efd00000| Complete 
| 254|0x00000000efe00000, 0x00000000eff00000, 0x00000000eff00000|100%| E|CS|TAMS 0x00000000efe00000, 0x00000000efe00000| Complete 
| 255|0x00000000eff00000, 0x00000000f0000000, 0x00000000f0000000|100%| E|CS|TAMS 0x00000000eff00000, 0x00000000eff00000| Complete 

Card table byte_map: [0x000002246a200000,0x000002246a300000] _byte_map_base: 0x0000022469b00000

Marking Bits (Prev, Next): (CMBitMap*) 0x0000022452dd40d0, (CMBitMap*) 0x0000022452dd4090
 Prev Bits: [0x000002246ac00000, 0x000002246b400000)
 Next Bits: [0x000002246a400000, 0x000002246ac00000)

Polling page: 0x00000224515b0000

Metaspace:

Usage:
  Non-class:     60.03 MB used.
      Class:      9.92 MB used.
       Both:     69.95 MB used.

Virtual space:
  Non-class space:       64.00 MB reserved,      60.44 MB ( 94%) committed,  1 nodes.
      Class space:      320.00 MB reserved,      10.25 MB (  3%) committed,  1 nodes.
             Both:      384.00 MB reserved,      70.69 MB ( 18%) committed. 

Chunk freelists:
   Non-Class:  2.67 MB
       Class:  5.73 MB
        Both:  8.40 MB

MaxMetaspaceSize: 384.00 MB
CompressedClassSpaceSize: 320.00 MB
Initial GC threshold: 21.00 MB
Current GC threshold: 98.44 MB
CDS: on
MetaspaceReclaimPolicy: balanced
 - commit_granule_bytes: 65536.
 - commit_granule_words: 8192.
 - virtual_space_node_default_size: 8388608.
 - enlarge_chunks_in_place: 1.
 - new_chunks_are_fully_committed: 0.
 - uncommit_free_chunks: 1.
 - use_allocation_guard: 0.
 - handle_deallocations: 1.


Internal statistics:

num_allocs_failed_limit: 9.
num_arena_births: 878.
num_arena_deaths: 0.
num_vsnodes_births: 2.
num_vsnodes_deaths: 0.
num_space_committed: 1131.
num_space_uncommitted: 0.
num_chunks_returned_to_freelist: 9.
num_chunks_taken_from_freelist: 3999.
num_chunk_merges: 9.
num_chunk_splits: 2574.
num_chunks_enlarged: 1663.
num_inconsistent_stats: 0.

CodeHeap 'non-profiled nmethods': size=120000Kb used=6337Kb max_used=6337Kb free=113662Kb
 bounds [0x0000022462150000, 0x0000022462790000, 0x0000022469680000]
CodeHeap 'profiled nmethods': size=120000Kb used=16476Kb max_used=16476Kb free=103523Kb
 bounds [0x000002245a680000, 0x000002245b6a0000, 0x0000022461bb0000]
CodeHeap 'non-nmethods': size=5760Kb used=2375Kb max_used=2479Kb free=3384Kb
 bounds [0x0000022461bb0000, 0x0000022461e30000, 0x0000022462150000]
 total_blobs=9575 nmethods=8686 adapters=801
 compilation: enabled
              stopped_count=0, restarted_count=0
 full_count=0

Compilation events (20 events):
Event: 16.716 Thread 0x0000022472012fa0 10116       1       org.gradle.internal.component.local.model.DslOriginDependencyMetadataWrapper::getArtifacts (5 bytes)
Event: 16.716 Thread 0x0000022472012fa0 nmethod 10116 0x0000022462774490 code [0x0000022462774620, 0x00000224627746f8]
Event: 16.717 Thread 0x0000022472012fa0 10117       1       org.gradle.internal.component.external.model.AbstractModuleComponentResolveMetadata::getAttributesFactory (5 bytes)
Event: 16.717 Thread 0x0000022472012fa0 nmethod 10117 0x0000022462774790 code [0x0000022462774920, 0x00000224627749f8]
Event: 16.717 Thread 0x0000022472012fa0 10118       3       java.util.stream.ReferencePipeline$7$1::begin (13 bytes)
Event: 16.717 Thread 0x0000022472012fa0 nmethod 10118 0x000002245b676c90 code [0x000002245b676e40, 0x000002245b677028]
Event: 16.717 Thread 0x0000022472012fa0 10119       1       org.gradle.api.internal.artifacts.ivyservice.ivyresolve.CachingModuleComponentRepository::access$800 (5 bytes)
Event: 16.717 Thread 0x0000022472012fa0 nmethod 10119 0x0000022462774a90 code [0x0000022462774c20, 0x0000022462774cd8]
Event: 16.717 Thread 0x0000022472012fa0 10121       3       org.gradle.api.internal.artifacts.ivyservice.modulecache.DefaultCachedMetadata::isMissing (13 bytes)
Event: 16.717 Thread 0x0000022472012fa0 nmethod 10121 0x000002245b09cd10 code [0x000002245b09cea0, 0x000002245b09d018]
Event: 16.717 Thread 0x0000022472012fa0 10120       1       org.gradle.internal.component.external.model.AbstractStatelessDerivationStrategy::hashCode (5 bytes)
Event: 16.718 Thread 0x0000022472012fa0 nmethod 10120 0x0000022462774d90 code [0x0000022462774f20, 0x0000022462774ff8]
Event: 16.718 Thread 0x0000022472012fa0 10122       1       org.gradle.api.internal.artifacts.ivyservice.DefaultCacheExpirationControl$CachedModuleResolutionControl::isChanging (5 bytes)
Event: 16.718 Thread 0x0000022472012fa0 nmethod 10122 0x0000022462775090 code [0x0000022462775220, 0x00000224627752f8]
Event: 16.718 Thread 0x0000022472012fa0 10123       1       org.gradle.api.internal.artifacts.ivyservice.resolveengine.graph.builder.ModuleResolveState::getSelectors (5 bytes)
Event: 16.718 Thread 0x0000022472012fa0 nmethod 10123 0x0000022462775390 code [0x0000022462775520, 0x00000224627755f8]
Event: 16.718 Thread 0x0000022472012fa0 10124   !   3       org.gradle.internal.operations.DefaultBuildOperationQueue$WorkerRunnable::waitForNextOperation (89 bytes)
Event: 16.718 Thread 0x0000022472012fa0 nmethod 10124 0x000002245b677110 code [0x000002245b6773c0, 0x000002245b6780b8]
Event: 16.973 Thread 0x0000022472012fa0 10125       1       javax.management.ObjectName::getCanonicalName (5 bytes)
Event: 16.973 Thread 0x0000022472012fa0 nmethod 10125 0x0000022462775690 code [0x0000022462775820, 0x00000224627758f8]

GC Heap History (20 events):
Event: 0.480 GC heap before
{Heap before GC invocations=0 (full 0):
 garbage-first heap   total 262144K, used 23552K [0x00000000e0000000, 0x0000000100000000)
  region size 1024K, 23 young (23552K), 0 survivors (0K)
 Metaspace       used 1109K, committed 1216K, reserved 393216K
  class space    used 78K, committed 128K, reserved 327680K
}
Event: 0.483 GC heap after
{Heap after GC invocations=1 (full 0):
 garbage-first heap   total 262144K, used 2687K [0x00000000e0000000, 0x0000000100000000)
  region size 1024K, 3 young (3072K), 3 survivors (3072K)
 Metaspace       used 1109K, committed 1216K, reserved 393216K
  class space    used 78K, committed 128K, reserved 327680K
}
Event: 1.215 GC heap before
{Heap before GC invocations=1 (full 0):
 garbage-first heap   total 262144K, used 38527K [0x00000000e0000000, 0x0000000100000000)
  region size 1024K, 36 young (36864K), 3 survivors (3072K)
 Metaspace       used 4436K, committed 4608K, reserved 393216K
  class space    used 552K, committed 640K, reserved 327680K
}
Event: 1.220 GC heap after
{Heap after GC invocations=2 (full 0):
 garbage-first heap   total 262144K, used 10991K [0x00000000e0000000, 0x0000000100000000)
  region size 1024K, 5 young (5120K), 5 survivors (5120K)
 Metaspace       used 4436K, committed 4608K, reserved 393216K
  class space    used 552K, committed 640K, reserved 327680K
}
Event: 1.758 GC heap before
{Heap before GC invocations=2 (full 0):
 garbage-first heap   total 262144K, used 57071K [0x00000000e0000000, 0x0000000100000000)
  region size 1024K, 48 young (49152K), 5 survivors (5120K)
 Metaspace       used 4651K, committed 4864K, reserved 393216K
  class space    used 578K, committed 704K, reserved 327680K
}
Event: 1.763 GC heap after
{Heap after GC invocations=3 (full 0):
 garbage-first heap   total 262144K, used 16531K [0x00000000e0000000, 0x0000000100000000)
  region size 1024K, 5 young (5120K), 5 survivors (5120K)
 Metaspace       used 4651K, committed 4864K, reserved 393216K
  class space    used 578K, committed 704K, reserved 327680K
}
Event: 4.482 GC heap before
{Heap before GC invocations=3 (full 0):
 garbage-first heap   total 262144K, used 124051K [0x00000000e0000000, 0x0000000100000000)
  region size 1024K, 111 young (113664K), 5 survivors (5120K)
 Metaspace       used 21137K, committed 21504K, reserved 393216K
  class space    used 3091K, committed 3264K, reserved 327680K
}
Event: 4.493 GC heap after
{Heap after GC invocations=4 (full 0):
 garbage-first heap   total 262144K, used 24186K [0x00000000e0000000, 0x0000000100000000)
  region size 1024K, 12 young (12288K), 12 survivors (12288K)
 Metaspace       used 21137K, committed 21504K, reserved 393216K
  class space    used 3091K, committed 3264K, reserved 327680K
}
Event: 6.263 GC heap before
{Heap before GC invocations=5 (full 0):
 garbage-first heap   total 262144K, used 175738K [0x00000000e0000000, 0x0000000100000000)
  region size 1024K, 133 young (136192K), 12 survivors (12288K)
 Metaspace       used 35635K, committed 36096K, reserved 393216K
  class space    used 4948K, committed 5120K, reserved 327680K
}
Event: 6.282 GC heap after
{Heap after GC invocations=6 (full 0):
 garbage-first heap   total 262144K, used 60744K [0x00000000e0000000, 0x0000000100000000)
  region size 1024K, 20 young (20480K), 20 survivors (20480K)
 Metaspace       used 35635K, committed 36096K, reserved 393216K
  class space    used 4948K, committed 5120K, reserved 327680K
}
Event: 8.187 GC heap before
{Heap before GC invocations=7 (full 0):
 garbage-first heap   total 262144K, used 192840K [0x00000000e0000000, 0x0000000100000000)
  region size 1024K, 149 young (152576K), 20 survivors (20480K)
 Metaspace       used 45250K, committed 45760K, reserved 393216K
  class space    used 6520K, committed 6784K, reserved 327680K
}
Event: 8.208 GC heap after
{Heap after GC invocations=8 (full 0):
 garbage-first heap   total 262144K, used 66272K [0x00000000e0000000, 0x0000000100000000)
  region size 1024K, 7 young (7168K), 7 survivors (7168K)
 Metaspace       used 45250K, committed 45760K, reserved 393216K
  class space    used 6520K, committed 6784K, reserved 327680K
}
Event: 9.460 GC heap before
{Heap before GC invocations=8 (full 0):
 garbage-first heap   total 262144K, used 206560K [0x00000000e0000000, 0x0000000100000000)
  region size 1024K, 137 young (140288K), 7 survivors (7168K)
 Metaspace       used 48546K, committed 49088K, reserved 393216K
  class space    used 6898K, committed 7168K, reserved 327680K
}
Event: 9.470 GC heap after
{Heap after GC invocations=9 (full 0):
 garbage-first heap   total 262144K, used 79104K [0x00000000e0000000, 0x0000000100000000)
  region size 1024K, 12 young (12288K), 12 survivors (12288K)
 Metaspace       used 48546K, committed 49088K, reserved 393216K
  class space    used 6898K, committed 7168K, reserved 327680K
}
Event: 10.922 GC heap before
{Heap before GC invocations=9 (full 0):
 garbage-first heap   total 262144K, used 213248K [0x00000000e0000000, 0x0000000100000000)
  region size 1024K, 135 young (138240K), 12 survivors (12288K)
 Metaspace       used 55855K, committed 56512K, reserved 393216K
  class space    used 7880K, committed 8192K, reserved 327680K
}
Event: 10.932 GC heap after
{Heap after GC invocations=10 (full 0):
 garbage-first heap   total 262144K, used 90977K [0x00000000e0000000, 0x0000000100000000)
  region size 1024K, 11 young (11264K), 11 survivors (11264K)
 Metaspace       used 55855K, committed 56512K, reserved 393216K
  class space    used 7880K, committed 8192K, reserved 327680K
}
Event: 11.891 GC heap before
{Heap before GC invocations=10 (full 0):
 garbage-first heap   total 262144K, used 151393K [0x00000000e0000000, 0x0000000100000000)
  region size 1024K, 72 young (73728K), 11 survivors (11264K)
 Metaspace       used 59629K, committed 60288K, reserved 393216K
  class space    used 8428K, committed 8768K, reserved 327680K
}
Event: 11.898 GC heap after
{Heap after GC invocations=11 (full 0):
 garbage-first heap   total 262144K, used 93882K [0x00000000e0000000, 0x0000000100000000)
  region size 1024K, 8 young (8192K), 8 survivors (8192K)
 Metaspace       used 59629K, committed 60288K, reserved 393216K
  class space    used 8428K, committed 8768K, reserved 327680K
}
Event: 13.225 GC heap before
{Heap before GC invocations=12 (full 0):
 garbage-first heap   total 262144K, used 214714K [0x00000000e0000000, 0x0000000100000000)
  region size 1024K, 124 young (126976K), 8 survivors (8192K)
 Metaspace       used 67229K, committed 67968K, reserved 393216K
  class space    used 9652K, committed 9984K, reserved 327680K
}
Event: 13.240 GC heap after
{Heap after GC invocations=13 (full 0):
 garbage-first heap   total 262144K, used 104400K [0x00000000e0000000, 0x0000000100000000)
  region size 1024K, 16 young (16384K), 16 survivors (16384K)
 Metaspace       used 67229K, committed 67968K, reserved 393216K
  class space    used 9652K, committed 9984K, reserved 327680K
}

Deoptimization events (20 events):
Event: 15.561 Thread 0x0000022473b9f8e0 DEOPT PACKING pc=0x0000022462182ef8 sp=0x000000fb9daf5f60
Event: 15.561 Thread 0x0000022473b9f8e0 DEOPT UNPACKING pc=0x0000022461c05ba3 sp=0x000000fb9daf5e90 mode 2
Event: 15.561 Thread 0x0000022473b9f8e0 Uncommon trap: trap_request=0xffffff45 fr.pc=0x00000224621e7ec0 relative=0x00000000000004a0
Event: 15.561 Thread 0x0000022473b9f8e0 Uncommon trap: reason=unstable_if action=reinterpret pc=0x00000224621e7ec0 method=java.lang.String.substring(II)Ljava/lang/String; @ 31 c2
Event: 15.561 Thread 0x0000022473b9f8e0 DEOPT PACKING pc=0x00000224621e7ec0 sp=0x000000fb9daf5ef0
Event: 15.561 Thread 0x0000022473b9f8e0 DEOPT UNPACKING pc=0x0000022461c05ba3 sp=0x000000fb9daf5ec0 mode 2
Event: 15.565 Thread 0x0000022473b9f8e0 Uncommon trap: trap_request=0xffffff45 fr.pc=0x00000224625385d0 relative=0x00000000000001d0
Event: 15.565 Thread 0x0000022473b9f8e0 Uncommon trap: reason=unstable_if action=reinterpret pc=0x00000224625385d0 method=java.lang.String.indexOf(Ljava/lang/String;)I @ 10 c2
Event: 15.565 Thread 0x0000022473b9f8e0 DEOPT PACKING pc=0x00000224625385d0 sp=0x000000fb9daf6080
Event: 15.565 Thread 0x0000022473b9f8e0 DEOPT UNPACKING pc=0x0000022461c05ba3 sp=0x000000fb9daf6010 mode 2
Event: 15.567 Thread 0x0000022473b9f8e0 Uncommon trap: trap_request=0xffffff45 fr.pc=0x0000022462536aa4 relative=0x0000000000000304
Event: 15.567 Thread 0x0000022473b9f8e0 Uncommon trap: reason=unstable_if action=reinterpret pc=0x0000022462536aa4 method=java.lang.String.indexOf([BBILjava/lang/String;I)I @ 54 c2
Event: 15.567 Thread 0x0000022473b9f8e0 DEOPT PACKING pc=0x0000022462536aa4 sp=0x000000fb9daf5d20
Event: 15.567 Thread 0x0000022473b9f8e0 DEOPT UNPACKING pc=0x0000022461c05ba3 sp=0x000000fb9daf5c88 mode 2
Event: 15.618 Thread 0x0000022473b9f8e0 DEOPT PACKING pc=0x000002245a6836e3 sp=0x000000fb9daf51c0
Event: 15.618 Thread 0x0000022473b9f8e0 DEOPT UNPACKING pc=0x0000022461c066e3 sp=0x000000fb9daf4668 mode 0
Event: 16.703 Thread 0x0000022473b9f8e0 Uncommon trap: trap_request=0xffffff45 fr.pc=0x0000022462744d2c relative=0x00000000000000ac
Event: 16.703 Thread 0x0000022473b9f8e0 Uncommon trap: reason=unstable_if action=reinterpret pc=0x0000022462744d2c method=io.spring.gradle.dependencymanagement.org.apache.maven.model.validation.DefaultModelValidator.isValidIdCharacter(C)Z @ 45 c2
Event: 16.703 Thread 0x0000022473b9f8e0 DEOPT PACKING pc=0x0000022462744d2c sp=0x000000fb9daf6000
Event: 16.703 Thread 0x0000022473b9f8e0 DEOPT UNPACKING pc=0x0000022461c05ba3 sp=0x000000fb9daf5f88 mode 2

Classes unloaded (0 events):
No events

Classes redefined (0 events):
No events

Internal exceptions (20 events):
Event: 13.413 Thread 0x0000022473b9f8e0 Exception <a 'java/lang/ClassNotFoundException'{0x00000000eefca5f0}: groovy/lang/GroovyObjectBeanInfo> (0x00000000eefca5f0) 
thrown [s\open\src\hotspot\share\classfile\systemDictionary.cpp, line 256]
Event: 13.414 Thread 0x0000022473b9f8e0 Exception <a 'java/lang/ClassNotFoundException'{0x00000000eefe1818}: groovy/lang/GroovyObjectCustomizer> (0x00000000eefe1818) 
thrown [s\open\src\hotspot\share\classfile\systemDictionary.cpp, line 256]
Event: 13.487 Thread 0x00000224720f7a00 Exception <a 'java/lang/NoSuchMethodError'{0x00000000eec8fa78}: 'void java.lang.invoke.DirectMethodHandle$Holder.invokeStatic(java.lang.Object, long)'> (0x00000000eec8fa78) 
thrown [s\open\src\hotspot\share\interpreter\linkResolver.cpp, line 759]
Event: 13.489 Thread 0x00000224720f7a00 Exception <a 'java/lang/NoSuchMethodError'{0x00000000eec9a8d0}: 'java.lang.Object java.lang.invoke.DirectMethodHandle$Holder.invokeStatic(java.lang.Object, java.lang.Object, long, java.lang.Object)'> (0x00000000eec9a8d0) 
thrown [s\open\src\hotspot\share\interpreter\linkResolver.cpp, line 759]
Event: 13.489 Thread 0x00000224720f7a00 Exception <a 'java/lang/NoSuchMethodError'{0x00000000eec9e5d8}: 'java.lang.Object java.lang.invoke.DirectMethodHandle$Holder.invokeStaticInit(java.lang.Object, java.lang.Object, long, java.lang.Object)'> (0x00000000eec9e5d8) 
thrown [s\open\src\hotspot\share\interpreter\linkResolver.cpp, line 759]
Event: 14.839 Thread 0x00000224720f7a00 Exception <a 'java/lang/NoSuchMethodError'{0x00000000eecb1f30}: 'void java.lang.invoke.DirectMethodHandle$Holder.invokeSpecial(java.lang.Object, java.lang.Object, int)'> (0x00000000eecb1f30) 
thrown [s\open\src\hotspot\share\interpreter\linkResolver.cpp, line 759]
Event: 15.058 Thread 0x0000022473b9f8e0 Exception <a 'java/lang/ClassNotFoundException'{0x00000000ed8438e0}: org/gradle/plugin/software/internal/SoftwareFeaturesDynamicObject_DecoratedBeanInfo> (0x00000000ed8438e0) 
thrown [s\open\src\hotspot\share\classfile\systemDictionary.cpp, line 256]
Event: 15.058 Thread 0x0000022473b9f8e0 Exception <a 'java/lang/ClassNotFoundException'{0x00000000ed853870}: org/gradle/plugin/software/internal/SoftwareFeaturesDynamicObjectBeanInfo> (0x00000000ed853870) 
thrown [s\open\src\hotspot\share\classfile\systemDictionary.cpp, line 256]
Event: 15.058 Thread 0x0000022473b9f8e0 Exception <a 'java/lang/ClassNotFoundException'{0x00000000ed863650}: org/gradle/internal/metaobject/AbstractDynamicObjectBeanInfo> (0x00000000ed863650) 
thrown [s\open\src\hotspot\share\classfile\systemDictionary.cpp, line 256]
Event: 15.058 Thread 0x0000022473b9f8e0 Exception <a 'java/lang/ClassNotFoundException'{0x00000000ed873418}: org/gradle/internal/metaobject/AbstractDynamicObjectCustomizer> (0x00000000ed873418) 
thrown [s\open\src\hotspot\share\classfile\systemDictionary.cpp, line 256]
Event: 15.059 Thread 0x0000022473b9f8e0 Exception <a 'java/lang/ClassNotFoundException'{0x00000000ed88fb90}: org/gradle/plugin/software/internal/SoftwareFeaturesDynamicObjectCustomizer> (0x00000000ed88fb90) 
thrown [s\open\src\hotspot\share\classfile\systemDictionary.cpp, line 256]
Event: 15.059 Thread 0x0000022473b9f8e0 Exception <a 'java/lang/ClassNotFoundException'{0x00000000ed8a68f8}: org/gradle/plugin/software/internal/SoftwareFeaturesDynamicObject_DecoratedCustomizer> (0x00000000ed8a68f8) 
thrown [s\open\src\hotspot\share\classfile\systemDictionary.cpp, line 256]
Event: 15.060 Thread 0x0000022473b9f8e0 Exception <a 'java/lang/ClassNotFoundException'{0x00000000ed8ed3d8}: org/gradle/api/internal/plugins/NaggingBasePluginConventionBeanInfo> (0x00000000ed8ed3d8) 
thrown [s\open\src\hotspot\share\classfile\systemDictionary.cpp, line 256]
Event: 15.061 Thread 0x0000022473b9f8e0 Exception <a 'java/lang/ClassNotFoundException'{0x00000000ed8ff5e0}: org/gradle/api/plugins/BasePluginConventionBeanInfo> (0x00000000ed8ff5e0) 
thrown [s\open\src\hotspot\share\classfile\systemDictionary.cpp, line 256]
Event: 15.062 Thread 0x0000022473b9f8e0 Exception <a 'java/lang/ClassNotFoundException'{0x00000000ed712018}: org/gradle/api/plugins/BasePluginConventionCustomizer> (0x00000000ed712018) 
thrown [s\open\src\hotspot\share\classfile\systemDictionary.cpp, line 256]
Event: 15.063 Thread 0x0000022473b9f8e0 Exception <a 'java/lang/ClassNotFoundException'{0x00000000ed72d658}: org/gradle/api/internal/plugins/NaggingBasePluginConventionCustomizer> (0x00000000ed72d658) 
thrown [s\open\src\hotspot\share\classfile\systemDictionary.cpp, line 256]
Event: 15.066 Thread 0x0000022473b9f8e0 Exception <a 'java/lang/ClassNotFoundException'{0x00000000ed772d60}: org/gradle/api/plugins/internal/NaggingJavaPluginConventionBeanInfo> (0x00000000ed772d60) 
thrown [s\open\src\hotspot\share\classfile\systemDictionary.cpp, line 256]
Event: 15.067 Thread 0x0000022473b9f8e0 Exception <a 'java/lang/ClassNotFoundException'{0x00000000ed785208}: org/gradle/api/plugins/JavaPluginConventionBeanInfo> (0x00000000ed785208) 
thrown [s\open\src\hotspot\share\classfile\systemDictionary.cpp, line 256]
Event: 15.067 Thread 0x0000022473b9f8e0 Exception <a 'java/lang/ClassNotFoundException'{0x00000000ed797680}: org/gradle/api/plugins/JavaPluginConventionCustomizer> (0x00000000ed797680) 
thrown [s\open\src\hotspot\share\classfile\systemDictionary.cpp, line 256]
Event: 15.068 Thread 0x0000022473b9f8e0 Exception <a 'java/lang/ClassNotFoundException'{0x00000000ed7bc960}: org/gradle/api/plugins/internal/NaggingJavaPluginConventionCustomizer> (0x00000000ed7bc960) 
thrown [s\open\src\hotspot\share\classfile\systemDictionary.cpp, line 256]

VM Operations (20 events):
Event: 12.780 Executing VM operation: HandshakeAllThreads done
Event: 12.806 Executing VM operation: HandshakeAllThreads
Event: 12.806 Executing VM operation: HandshakeAllThreads done
Event: 12.844 Executing VM operation: HandshakeAllThreads
Event: 12.844 Executing VM operation: HandshakeAllThreads done
Event: 12.844 Executing VM operation: HandshakeAllThreads
Event: 12.844 Executing VM operation: HandshakeAllThreads done
Event: 13.123 Executing VM operation: HandshakeAllThreads
Event: 13.123 Executing VM operation: HandshakeAllThreads done
Event: 13.125 Executing VM operation: ICBufferFull
Event: 13.126 Executing VM operation: ICBufferFull done
Event: 13.225 Executing VM operation: G1CollectForAllocation
Event: 13.240 Executing VM operation: G1CollectForAllocation done
Event: 14.248 Executing VM operation: Cleanup
Event: 14.249 Executing VM operation: Cleanup done
Event: 15.230 Executing VM operation: ICBufferFull
Event: 15.230 Executing VM operation: ICBufferFull done
Event: 16.244 Executing VM operation: Cleanup
Event: 16.693 Executing VM operation: Cleanup done
Event: 17.700 Executing VM operation: Cleanup

Events (20 events):
Event: 15.453 Thread 0x000002247912fb50 Thread added: 0x000002247912fb50
Event: 15.469 Thread 0x000002247912f640 Thread added: 0x000002247912f640
Event: 15.488 Thread 0x00000224791314a0 Thread added: 0x00000224791314a0
Event: 15.502 Thread 0x00000224791319b0 Thread added: 0x00000224791319b0
Event: 15.514 Thread 0x0000022479130060 Thread added: 0x0000022479130060
Event: 15.530 Thread 0x000002247912e200 Thread added: 0x000002247912e200
Event: 15.544 Thread 0x0000022479131ec0 Thread added: 0x0000022479131ec0
Event: 15.559 Thread 0x000002247912e710 Thread added: 0x000002247912e710
Event: 15.577 Thread 0x0000022478ec6740 Thread added: 0x0000022478ec6740
Event: 15.591 Thread 0x0000022478ec7160 Thread added: 0x0000022478ec7160
Event: 15.605 Thread 0x0000022478ec7b80 Thread added: 0x0000022478ec7b80
Event: 15.619 Thread 0x0000022478ec8090 Thread added: 0x0000022478ec8090
Event: 15.629 Thread 0x0000022478ec48e0 Thread added: 0x0000022478ec48e0
Event: 15.638 Thread 0x0000022478ec5810 Thread added: 0x0000022478ec5810
Event: 15.646 Thread 0x0000022478ec6c50 Thread added: 0x0000022478ec6c50
Event: 15.656 Thread 0x0000022478ec5d20 Thread added: 0x0000022478ec5d20
Event: 15.664 Thread 0x0000022478ec4df0 Thread added: 0x0000022478ec4df0
Event: 16.699 Thread 0x0000022478ec5300 Thread added: 0x0000022478ec5300
Event: 16.710 Thread 0x0000022478ec6230 Thread added: 0x0000022478ec6230
Event: 17.716 Thread 0x0000022478ec7670 Thread added: 0x0000022478ec7670


Dynamic libraries:
0x00007ff726c80000 - 0x00007ff726c90000 	C:\Program Files\Java\jdk-17\bin\java.exe
0x00007ffefd920000 - 0x00007ffefdb86000 	C:\WINDOWS\SYSTEM32\ntdll.dll
0x00007ffefc7c0000 - 0x00007ffefc889000 	C:\WINDOWS\System32\KERNEL32.DLL
0x00007ffefb020000 - 0x00007ffefb3ec000 	C:\WINDOWS\System32\KERNELBASE.dll
0x00007ffefab40000 - 0x00007ffefac8b000 	C:\WINDOWS\System32\ucrtbase.dll
0x00007ffef4d50000 - 0x00007ffef4d6b000 	C:\Program Files\Java\jdk-17\bin\VCRUNTIME140.dll
0x00007ffef4d10000 - 0x00007ffef4d29000 	C:\Program Files\Java\jdk-17\bin\jli.dll
0x00007ffefcfc0000 - 0x00007ffefd072000 	C:\WINDOWS\System32\ADVAPI32.dll
0x00007ffefc210000 - 0x00007ffefc2b9000 	C:\WINDOWS\System32\msvcrt.dll
0x00007ffefb6e0000 - 0x00007ffefb786000 	C:\WINDOWS\System32\sechost.dll
0x00007ffefb790000 - 0x00007ffefb8a6000 	C:\WINDOWS\System32\RPCRT4.dll
0x00007ffefc040000 - 0x00007ffefc20a000 	C:\WINDOWS\System32\USER32.dll
0x00007ffefac90000 - 0x00007ffefacb7000 	C:\WINDOWS\System32\win32u.dll
0x00007ffefbfb0000 - 0x00007ffefbfdb000 	C:\WINDOWS\System32\GDI32.dll
0x00007ffefae40000 - 0x00007ffefaf72000 	C:\WINDOWS\System32\gdi32full.dll
0x00007ffefb570000 - 0x00007ffefb613000 	C:\WINDOWS\System32\msvcp_win.dll
0x00007ffee6210000 - 0x00007ffee64aa000 	C:\WINDOWS\WinSxS\amd64_microsoft.windows.common-controls_6595b64144ccf1df_6.0.26100.3912_none_3e07963ce335137e\COMCTL32.dll
0x00007ffef3290000 - 0x00007ffef329b000 	C:\WINDOWS\SYSTEM32\VERSION.dll
0x00007ffefc4a0000 - 0x00007ffefc4d0000 	C:\WINDOWS\System32\IMM32.DLL
0x00007ffef4da0000 - 0x00007ffef4dac000 	C:\Program Files\Java\jdk-17\bin\vcruntime140_1.dll
0x00007ffebdbd0000 - 0x00007ffebdc5e000 	C:\Program Files\Java\jdk-17\bin\msvcp140.dll
0x00007ffe55570000 - 0x00007ffe56150000 	C:\Program Files\Java\jdk-17\bin\server\jvm.dll
0x00007ffefbfe0000 - 0x00007ffefbfe8000 	C:\WINDOWS\System32\PSAPI.DLL
0x00007ffee6f60000 - 0x00007ffee6f6a000 	C:\WINDOWS\SYSTEM32\WSOCK32.dll
0x00007ffee7570000 - 0x00007ffee75a6000 	C:\WINDOWS\SYSTEM32\WINMM.dll
0x00007ffefbf30000 - 0x00007ffefbfa4000 	C:\WINDOWS\System32\WS2_32.dll
0x00007ffef9900000 - 0x00007ffef991a000 	C:\WINDOWS\SYSTEM32\kernel.appcore.dll
0x00007ffef4cd0000 - 0x00007ffef4cda000 	C:\Program Files\Java\jdk-17\bin\jimage.dll
0x00007ffef8460000 - 0x00007ffef86a1000 	C:\WINDOWS\SYSTEM32\DBGHELP.DLL
0x00007ffefbba0000 - 0x00007ffefbf24000 	C:\WINDOWS\System32\combase.dll
0x00007ffefd680000 - 0x00007ffefd760000 	C:\WINDOWS\System32\OLEAUT32.dll
0x00007ffee2dc0000 - 0x00007ffee2df9000 	C:\WINDOWS\SYSTEM32\dbgcore.DLL
0x00007ffefaf80000 - 0x00007ffefb019000 	C:\WINDOWS\System32\bcryptPrimitives.dll
0x00007ffef4cc0000 - 0x00007ffef4cce000 	C:\Program Files\Java\jdk-17\bin\instrument.dll
0x00007ffee6f90000 - 0x00007ffee6fb5000 	C:\Program Files\Java\jdk-17\bin\java.dll
0x00007ffea9720000 - 0x00007ffea97f7000 	C:\Program Files\Java\jdk-17\bin\jsvml.dll
0x00007ffefc890000 - 0x00007ffefcfbd000 	C:\WINDOWS\System32\SHELL32.dll
0x00007ffefacc0000 - 0x00007ffefae34000 	C:\WINDOWS\System32\wintypes.dll
0x00007ffef8740000 - 0x00007ffef8f96000 	C:\WINDOWS\SYSTEM32\windows.storage.dll
0x00007ffefc340000 - 0x00007ffefc42f000 	C:\WINDOWS\System32\SHCORE.dll
0x00007ffefc750000 - 0x00007ffefc7b9000 	C:\WINDOWS\System32\shlwapi.dll
0x00007ffefa9c0000 - 0x00007ffefa9ef000 	C:\WINDOWS\SYSTEM32\profapi.dll
0x00007ffed82b0000 - 0x00007ffed82c8000 	C:\Program Files\Java\jdk-17\bin\zip.dll
0x00007ffed8290000 - 0x00007ffed82a9000 	C:\Program Files\Java\jdk-17\bin\net.dll
0x00007ffef44f0000 - 0x00007ffef460e000 	C:\WINDOWS\SYSTEM32\WINHTTP.dll
0x00007ffef9f00000 - 0x00007ffef9f6a000 	C:\WINDOWS\system32\mswsock.dll
0x00007ffed64e0000 - 0x00007ffed64f6000 	C:\Program Files\Java\jdk-17\bin\nio.dll
0x00007ffee6f80000 - 0x00007ffee6f90000 	C:\Program Files\Java\jdk-17\bin\verify.dll
0x00007ffed97b0000 - 0x00007ffed97d7000 	C:\Users\jongw\.gradle\native\1def1411415f61bf3af743bc5b6707747c0891f09f0c88961ee8f79bc544acac\windows-amd64\native-platform.dll
0x00007ffebd350000 - 0x00007ffebd3c8000 	C:\Users\jongw\.gradle\native\0.2.7\x86_64-windows-gnu\gradle-fileevents.dll
0x00007ffee6f70000 - 0x00007ffee6f7a000 	C:\Program Files\Java\jdk-17\bin\management.dll
0x00007ffed9910000 - 0x00007ffed991b000 	C:\Program Files\Java\jdk-17\bin\management_ext.dll
0x00007ffef9360000 - 0x00007ffef9393000 	C:\WINDOWS\SYSTEM32\IPHLPAPI.DLL
0x00007ffefc690000 - 0x00007ffefc69a000 	C:\WINDOWS\System32\NSI.dll
0x00007ffef46c0000 - 0x00007ffef46df000 	C:\WINDOWS\SYSTEM32\dhcpcsvc6.DLL
0x00007ffef4690000 - 0x00007ffef46b5000 	C:\WINDOWS\SYSTEM32\dhcpcsvc.DLL
0x00007ffef9430000 - 0x00007ffef9557000 	C:\WINDOWS\SYSTEM32\DNSAPI.dll
0x00007ffefa1a0000 - 0x00007ffefa1bc000 	C:\WINDOWS\SYSTEM32\CRYPTSP.dll
0x00007ffef9840000 - 0x00007ffef987a000 	C:\WINDOWS\system32\rsaenh.dll
0x00007ffef9fa0000 - 0x00007ffef9fcb000 	C:\WINDOWS\SYSTEM32\USERENV.dll
0x00007ffefa990000 - 0x00007ffefa9b6000 	C:\WINDOWS\SYSTEM32\bcrypt.dll
0x00007ffefa1c0000 - 0x00007ffefa1cc000 	C:\WINDOWS\SYSTEM32\CRYPTBASE.dll
0x00007ffed9590000 - 0x00007ffed959e000 	C:\Program Files\Java\jdk-17\bin\sunmscapi.dll
0x00007ffefb3f0000 - 0x00007ffefb567000 	C:\WINDOWS\System32\CRYPT32.dll
0x00007ffefa3b0000 - 0x00007ffefa3e0000 	C:\WINDOWS\SYSTEM32\ncrypt.dll
0x00007ffefa360000 - 0x00007ffefa39f000 	C:\WINDOWS\SYSTEM32\NTASN1.dll
0x00007ffed29d0000 - 0x00007ffed29d8000 	C:\WINDOWS\system32\wshunix.dll

dbghelp: loaded successfully - version: 4.0.5 - missing functions: none
symbol engine: initialized successfully - sym options: 0x614 - pdb path: .;C:\Program Files\Java\jdk-17\bin;C:\WINDOWS\SYSTEM32;C:\WINDOWS\WinSxS\amd64_microsoft.windows.common-controls_6595b64144ccf1df_6.0.26100.3912_none_3e07963ce335137e;C:\Program Files\Java\jdk-17\bin\server;C:\Users\jongw\.gradle\native\1def1411415f61bf3af743bc5b6707747c0891f09f0c88961ee8f79bc544acac\windows-amd64;C:\Users\jongw\.gradle\native\0.2.7\x86_64-windows-gnu

VM Arguments:
jvm_args: --add-opens=java.base/java.lang=ALL-UNNAMED --add-opens=java.base/java.lang.invoke=ALL-UNNAMED --add-opens=java.base/java.util=ALL-UNNAMED --add-opens=java.prefs/java.util.prefs=ALL-UNNAMED --add-exports=jdk.compiler/com.sun.tools.javac.api=ALL-UNNAMED --add-exports=jdk.compiler/com.sun.tools.javac.util=ALL-UNNAMED --add-opens=java.base/java.util=ALL-UNNAMED --add-opens=java.prefs/java.util.prefs=ALL-UNNAMED --add-opens=java.base/java.nio.charset=ALL-UNNAMED --add-opens=java.base/java.net=ALL-UNNAMED --add-opens=java.base/java.util.concurrent.atomic=ALL-UNNAMED --add-opens=java.xml/javax.xml.namespace=ALL-UNNAMED -XX:MaxMetaspaceSize=384m -XX:+HeapDumpOnOutOfMemoryError -Xms256m -Xmx512m -Dfile.encoding=UTF-8 -Duser.country=KR -Duser.language=ko -Duser.variant -javaagent:C:\Users\jongw\.gradle\wrapper\dists\gradle-8.13-bin\5xuhj0ry160q40clulazy9h7d\gradle-8.13\lib\agents\gradle-instrumentation-agent-8.13.jar 
java_command: org.gradle.launcher.daemon.bootstrap.GradleDaemon 8.13
java_class_path (initial): C:\Users\jongw\.gradle\wrapper\dists\gradle-8.13-bin\5xuhj0ry160q40clulazy9h7d\gradle-8.13\lib\gradle-daemon-main-8.13.jar
Launcher Type: SUN_STANDARD

[Global flags]
     intx CICompilerCount                          = 4                                         {product} {ergonomic}
   size_t CompressedClassSpaceSize                 = 335544320                                 {product} {ergonomic}
     uint ConcGCThreads                            = 2                                         {product} {ergonomic}
     uint G1ConcRefinementThreads                  = 8                                         {product} {ergonomic}
   size_t G1HeapRegionSize                         = 1048576                                   {product} {ergonomic}
    uintx GCDrainStackTargetSize                   = 64                                        {product} {ergonomic}
     bool HeapDumpOnOutOfMemoryError               = true                                   {manageable} {command line}
   size_t InitialHeapSize                          = 268435456                                 {product} {command line}
   size_t MarkStackSize                            = 4194304                                   {product} {ergonomic}
   size_t MaxHeapSize                              = 536870912                                 {product} {command line}
   size_t MaxMetaspaceSize                         = 402653184                                 {product} {command line}
   size_t MaxNewSize                               = 321912832                                 {product} {ergonomic}
   size_t MinHeapDeltaBytes                        = 1048576                                   {product} {ergonomic}
   size_t MinHeapSize                              = 268435456                                 {product} {command line}
    uintx NonNMethodCodeHeapSize                   = 5839372                                {pd product} {ergonomic}
    uintx NonProfiledCodeHeapSize                  = 122909434                              {pd product} {ergonomic}
    uintx ProfiledCodeHeapSize                     = 122909434                              {pd product} {ergonomic}
    uintx ReservedCodeCacheSize                    = 251658240                              {pd product} {ergonomic}
     bool SegmentedCodeCache                       = true                                      {product} {ergonomic}
   size_t SoftMaxHeapSize                          = 536870912                              {manageable} {ergonomic}
     bool UseCompressedClassPointers               = true                           {product lp64_product} {ergonomic}
     bool UseCompressedOops                        = true                           {product lp64_product} {ergonomic}
     bool UseG1GC                                  = true                                      {product} {ergonomic}
     bool UseLargePagesIndividualAllocation        = false                                  {pd product} {ergonomic}

Logging:
Log output configuration:
 #0: stdout all=warning uptime,level,tags
 #1: stderr all=off uptime,level,tags

Environment Variables:
JAVA_HOME=C:\Program Files\Java\jdk-17
PATH=C:\Program Files\Common Files\Oracle\Java\javapath;C:\oraclexe\app\oracle\product\11.2.0\server\bin;C:\Program Files (x86)\VMware\VMware Workstation\bin\;C:\oracle\product\10.2.0\db_1\bin;C:\oracle\product\10.2.0\db_3\bin;C:\Program Files\Java\jdk-17\bin;C:\Program Files\Python312\Scripts\;C:\Program Files\Python312\;C:\windows\system32;C:\windows;C:\windows\System32\Wbem;C:\windows\System32\WindowsPowerShell\v1.0\;C:\windows\System32\OpenSSH\;C:\Program Files (x86)\NVIDIA Corporation\PhysX\Common;C:\Program Files\NVIDIA Corporation\NVIDIA NvDLISR;C:\WINDOWS\system32;C:\WINDOWS;C:\WINDOWS\System32\Wbem;C:\WINDOWS\System32\WindowsPowerShell\v1.0\;C:\WINDOWS\System32\OpenSSH\;C:\Program Files\Microsoft SQL Server\150\Tools\Binn\;C:\Program Files\Microsoft SQL Server\Client SDK\ODBC\170\Tools\Binn\;C:\Program Files\dotnet\;C:\Program Files\Git\cmd;C:\Program Files\Bandizip\;C:\Program Files\MySQL\MySQL Shell 8.0\bin\;C:\Users\jongw\AppData\Local\Microsoft\WindowsApps;C:\Users\jongw\.dotnet\tools;C:\Users\jongw\AppData\Local\Programs\Microsoft VS Code\bin;C:\Users\jongw\AppData\Local\GitHubDesktop\bin;C:\Program Files\Java\jdk-11;;C:\Program Files (x86)\ESTsoft\ALSee\x64
USERNAME=jongw
OS=Windows_NT
PROCESSOR_IDENTIFIER=Intel64 Family 6 Model 140 Stepping 1, GenuineIntel



---------------  S Y S T E M  ---------------

OS:
 Windows 11 , 64 bit Build 26100 (10.0.26100.3912)
OS uptime: 1 days 2:08 hours

CPU: total 8 (initial active 8) (4 cores per cpu, 2 threads per core) family 6 model 140 stepping 1 microcode 0xb4, cx8, cmov, fxsr, ht, mmx, 3dnowpref, sse, sse2, sse3, ssse3, sse4.1, sse4.2, popcnt, lzcnt, tsc, tscinvbit, avx, avx2, aes, erms, clmul, bmi1, bmi2, adx, avx512f, avx512dq, avx512cd, avx512bw, avx512vl, sha, fma, vzeroupper, avx512_vpopcntdq, avx512_vpclmulqdq, avx512_vaes, avx512_vnni, clflush, clflushopt, clwb, avx512_vbmi2, avx512_vbmi

Memory: 4k page, system-wide physical 7865M (922M free)
TotalPageFile size 24249M (AvailPageFile size 0M)
current process WorkingSet (physical memory assigned to process): 461M, peak: 500M
current process commit charge ("private bytes"): 524M, peak: 561M

vm_info: Java HotSpot(TM) 64-Bit Server VM (17.0.12+8-LTS-286) for windows-amd64 JRE (17.0.12+8-LTS-286), built on Jun  5 2024 06:46:59 by "mach5one" with MS VC++ 17.6 (VS2022)

END.
